id,text,label,set,majority,majority_seconds,tfidf_lr,tfidf_lr_seconds,category
test_01488,#iphone6plus - #лопатина Протестировать бы его на сгибаемость 😈😃 @ Агентство по страхованию вкладов ,neutral,test,neutral,2.928000003521447e-07,neutral,0.0006739000000379747,
test_01077,никогда не забуду эти сутки!!! они были самые лучшие,positive,test,neutral,2.928000003521447e-07,positive,0.0005956999998488754,
test_00698,tema: История в мнемонике,neutral,test,neutral,2.928000003521447e-07,neutral,0.0004330000001573353,
test_01325,Хах.Фагот!!!))),positive,test,neutral,2.928000003521447e-07,neutral,0.0003909999995812541,
test_00437,"Я хочу, чтоб история нашей любви бегала по дому*****",positive,test,neutral,2.928000003521447e-07,positive,0.00039430000015272526,
test_00360,Музыка моей молодости :D,positive,test,neutral,2.928000003521447e-07,neutral,0.0003578999999263033,
test_02707,"Бог не дает вам людей, которых вы хотите.
Он дает вам людей, в которых вы
нуждаетесь. Они причиняют вам боль,
любят, учат вас, ломают вас, чтобы
превратить вас в того, кем вы должны быть.",neutral,test,neutral,2.928000003521447e-07,neutral,0.00044489999982033623,
test_00789,"Как говорится, люди смеются, чтобы не заплакать....",negative,test,neutral,2.928000003521447e-07,neutral,0.00041269999974247185,
test_01324,"[club37699760|Голоса даром)], кагда уже прийдут",neutral,test,neutral,2.928000003521447e-07,neutral,0.00035979999984192546,
test_00753,Пластиковый снег,neutral,test,neutral,2.928000003521447e-07,neutral,0.00033750000011423253,
test_02597,"Гарри Поттера сняли в стиле ""арт-хаус"" ) а у Рэдклиффа оч волосатая нешестнадцатилентяя грудь. Фильм напомнил ""как я провел этим летом"". кароче я в шоке от этих маркетологов киношных)",neutral,test,neutral,2.928000003521447e-07,neutral,0.00039839999999458087,
test_02633,"Собраться, решиться, и вынести всех,
Сокрушить, растоптать, растерзать, 
И в спорте, и в жизни почёт и успех 
У того, кто рождён побеждать! ",neutral,test,neutral,2.928000003521447e-07,neutral,0.0003710999999384512,
test_00055,"таааааааааааааак

приму в дар ВИРУС КАРД))))

вот и знаю, что хочу на новый год хД",neutral,test,neutral,2.928000003521447e-07,neutral,0.0004444000001058157,
test_02750,а сегодня пойдем гулять????,neutral,test,neutral,2.928000003521447e-07,positive,0.0006620000003749738,
test_01460,Ужасно  как я мечтаю о порядке у себя на кухне))),neutral,test,neutral,2.928000003521447e-07,neutral,0.0004617999998117739,
test_01185,ЗАВТРА ВМЕСТО БИОЛОГИИ БУДЕТ ХИМИЯ,neutral,test,neutral,2.928000003521447e-07,neutral,0.00040749999971012585,
test_00520,"С местными!) @ Новый Уренгой, Центр",neutral,test,neutral,2.928000003521447e-07,neutral,0.0003558999997039791,
test_01091,Мама африка блять)),neutral,test,neutral,2.928000003521447e-07,neutral,0.0004441999999471591,
test_00602,А ты хайп?,neutral,test,neutral,2.928000003521447e-07,positive,0.0003756999999495747,
test_01198,ооооооо тебя тоже поперла моя песенка????,neutral,test,neutral,2.928000003521447e-07,positive,0.0003793999999288644,
test_00760,"Аскар, привет! С помощью этого подарка сможешь БЕСПЛАТНО получить футболку тут:    
 😃 👕 🎁 vk.com/app3051970 👚 👕 🎁",neutral,test,neutral,2.928000003521447e-07,neutral,0.0004573000001073524,
test_01253,"Звездабол он, у него 15 октября др)",neutral,test,neutral,2.928000003521447e-07,neutral,0.0007027000001471606,
test_01741,"""царя распни!""-кричал НАРОД,-""а лучше отпусти нам из темницы вора и разбойника Варраву""...этот библейский сюжет вам ничего не напоминает?",neutral,test,neutral,2.928000003521447e-07,neutral,0.0004266999999344989,
test_01944,"Любовь это такое чуство,катое тежело понять потомушто мы даже и не знаем  что это насамам деле слова ЛЮБОВЬ (((((((((((((((((((",negative,test,neutral,2.928000003521447e-07,neutral,0.00044189999971422367,
test_01758,"Лучшие вещи в жизни — бесплатны: объятия, улыбки, друзья, поцелуи, семья, сон, любовь, смех и хорошее настроение!",positive,test,neutral,2.928000003521447e-07,neutral,0.0007513000000471948,
test_01255,Гггг...есть)))),positive,test,neutral,2.928000003521447e-07,neutral,0.0005163999999240332,
test_00362,Ееееее!!!)),positive,test,neutral,2.928000003521447e-07,neutral,0.00039100000003600144,
test_02448,"Вот и настало время, когда у девушек из джинс торчат не стринги, а теплые черные колготки..",neutral,test,neutral,2.928000003521447e-07,neutral,0.00038679999988744385,
test_01211,Находские беспризорники,neutral,test,neutral,2.928000003521447e-07,neutral,0.00040640000042913016,
test_01512,"уже ценил? Снимали прям то место, где мы как раз были)",neutral,test,neutral,2.928000003521447e-07,neutral,0.0004069000001436507,
test_01008,"Арнольд Шварцнеггер уникальный человек-он может 5 дней не спать,а потом взять и выжать с груди 350 кг.",neutral,test,neutral,2.928000003521447e-07,neutral,0.0003897999999935564,
test_00873,Мастер класс по изготовлению поздравительных открытое-ручная работа!!!)),neutral,test,neutral,2.928000003521447e-07,neutral,0.0003689000000122178,
test_01207,для нашего отдела)))понедельник),neutral,test,neutral,2.928000003521447e-07,neutral,0.00035370000023249304,
test_01953,"Ребята, посоветуйте копирайтера, для написания статьи.",neutral,test,neutral,2.928000003521447e-07,neutral,0.0004322000004322035,
test_00229,Ты чегооо?..,neutral,test,neutral,2.928000003521447e-07,positive,0.00037389999988590716,
test_02261,Ждите своих мальчиков...,neutral,test,neutral,2.928000003521447e-07,positive,0.0003578999999263033,
test_02784,"Стоит или не стоит... все
зависит от вас... куда
ударение поставите)",neutral,test,neutral,2.928000003521447e-07,neutral,0.00038910000012037926,
test_00598,Готовим кушать!!!! Яхххххуууууу)))),positive,test,neutral,2.928000003521447e-07,neutral,0.0003731000001607754,
test_00140,"Ну ты понял,да?))))",neutral,test,neutral,2.928000003521447e-07,neutral,0.00035709999974642415,
test_02934,ты чоооо-о не поздравил меня с этим великим празднкиом????,neutral,test,neutral,2.928000003521447e-07,negative,0.0004426999998941028,
test_00840,если у вас выхватили из рук телефон,neutral,test,neutral,2.928000003521447e-07,neutral,0.00044350000007398194,
test_00756,Под чем был автор?),neutral,test,neutral,2.928000003521447e-07,neutral,0.0003625999997893814,
test_01469,"Полсрока отмотал. Откинусь через 9 месяцев. Эй, новый начальник, даешь УДО или амнистию!",neutral,test,neutral,2.928000003521447e-07,neutral,0.0003629999996519473,
test_00163,Заебали...хожу в чём нравится и не ебёт!!!,negative,test,neutral,2.928000003521447e-07,neutral,0.00038390000008803327,
test_00099,Вот так мы из тоталитарного советского прошлого с его анахронизмом в виде прописки попадаем в тоталитарное настоящее с крепостным правом в виде уголовной ответственности за нарушение правил прописки. И это вместо казалось бы необходимой отмены этого изжившего себя пережитка прошлого.,negative,test,neutral,2.928000003521447e-07,neutral,0.00042070000017702114,
test_01491,!знаешь наверное не обизательно выходить из ВК ес не хош говорить со мной!!!,negative,test,neutral,2.928000003521447e-07,negative,0.00038059999997130944,
test_02122,"очень люблю и скучаю,ты самая лучшая сестра на белом свете💜",positive,test,neutral,2.928000003521447e-07,positive,0.0003897999999935564,
test_02673,хиии)) такой зелёненький),positive,test,neutral,2.928000003521447e-07,positive,0.00033770000027288916,
test_01863,Никто сейчас случаем в Спорт Мастер не собирается съездить?)),neutral,test,neutral,2.928000003521447e-07,neutral,0.0003793000000769098,
test_02917,"помню как было тяжело , но очень хочу это все повторить ) 
скучаю по ББ 
 скучаю даже за тем как пролетел на вторых соревнованиях ))хех 
а еще больше по вам пацаны ! 
которые сейчас в Залах без меня (",negative,test,neutral,2.928000003521447e-07,negative,0.0004496000001381617,
test_01684,Как учит нас великая Кама Сутра - безвыходных положений не бывает!,neutral,test,neutral,2.928000003521447e-07,negative,0.0003833999999187654,
test_01904,Хочеш горячий крепкий водки???,neutral,test,neutral,2.928000003521447e-07,neutral,0.0003630999999586493,
test_00797,"У каждого свой путь. Кому тренировки, а кому бы курнуть.",neutral,test,neutral,2.928000003521447e-07,neutral,0.00035700000034921686,
test_01257,"Это наверно всё таки по тихоньку приближается конец света!!!
Вашему вниманию МУЖСКАЯ "" Высокая Мода""!!!! Это же бл...дь просто чудо- чудное, да диво- дивное. Сапожки в рюшечку, гольфики шёлковые, да вы не ох...ели ? Оставьте нам уже нормальных мужиков в семейных труселях и тельняшках.",negative,test,neutral,2.928000003521447e-07,neutral,0.000419899999997142,
test_01929,Помнишь...ахахах???))),positive,test,neutral,2.928000003521447e-07,positive,0.00037059999976918334,
test_00938,Жду не дождусь своё вино),neutral,test,neutral,2.928000003521447e-07,neutral,0.0003621999999268155,
test_00835,"Так! Что за подстава? Теперь контакт палит музыку, которую ты в данный момент слушаешь?!",neutral,test,neutral,2.928000003521447e-07,neutral,0.0003766999998333631,
test_02485,"Оксанка, я оценила твой характер! Где посмотреть? Здесь - ",neutral,test,neutral,2.928000003521447e-07,neutral,0.00037739999970654026,
test_00649,"Привет, мы группа ""Герои"".... Ржаки со съемок клипа))))",positive,test,neutral,2.928000003521447e-07,neutral,0.000361499999598891,
test_02027,Декабрь... Лучший месяц в году!;),positive,test,neutral,2.928000003521447e-07,neutral,0.00034890000006271293,
test_00265,"Овен ( 16 апреля ) 
16 апреля Овны самые добрые люди",neutral,test,neutral,2.928000003521447e-07,neutral,0.00038600000016231206,
test_02849,"В России нет сборной по футболу,есть только хуесосы.",negative,test,neutral,2.928000003521447e-07,neutral,0.0003716000001077191,
test_01864,"10 часов( жалко что короткое XD
",neutral,test,neutral,2.928000003521447e-07,neutral,0.00035819999993691454,
test_02054,"Ваня я по поводу твоего хелпера на серве Ogyrochek.Достал летает по серву говорит всем о бане,пугает новичков,подозревает всех в дюпе и его хранении,мой друг играет я его пригласил дал гибридок и тут он отдавай или забаню нахер.Я построил пасику он туда залетел пчелы его покусали и он мне несет""отравление хелпера бан"" . Cделай чет потомуш воще пиздец.",negative,test,neutral,2.928000003521447e-07,negative,0.0004674000001614331,
test_01530,Ждем посты!,neutral,test,neutral,2.928000003521447e-07,neutral,0.0006996000001890934,
test_00870,"Как и просил))) делал в полевых условиях, так что не суди строго:DD",neutral,test,neutral,2.928000003521447e-07,neutral,0.00046340000017153216,
test_02044,Эми умерла(,negative,test,neutral,2.928000003521447e-07,neutral,0.0003758000002562767,
test_01916,"зима круче, чем лето",neutral,test,neutral,2.928000003521447e-07,neutral,0.0003845999999612104,
test_01847,купил ноут))) и моя ава пока не актуальна),neutral,test,neutral,2.928000003521447e-07,positive,0.00037309999970602803,
test_01461,Это пи--ец!!,negative,test,neutral,2.928000003521447e-07,neutral,0.0005122000002302229,
test_02665,"Что касается меня, то на все ваши письма я отвечаю так: 
У меня все хорошо, каникулы просто замечательно! Здесь прохладно( но настроение мне это не портит)))
не переживайте так, никто пить мне не дает* Максимка шлет отдельный привет всем тем кто его знает)
звонить дорого)) в общем всех целую, всех обнимаю, приеду расскажу че там и как",positive,test,neutral,2.928000003521447e-07,negative,0.0005987999998069427,
test_00833,"Рублю пизда, все расходимся, ничего интересного
58 доллар
72 евро",negative,test,neutral,2.928000003521447e-07,neutral,0.0003799000000981323,
test_01746,"Монастырь Хор Вирап, Армения",neutral,test,neutral,2.928000003521447e-07,neutral,0.00038359999962267466,
test_02099,Кремлёвские комедианты,neutral,test,neutral,2.928000003521447e-07,neutral,0.00036110000019107247,
test_01455,Неплохая статья про детей и летний отдых. ,positive,test,neutral,2.928000003521447e-07,neutral,0.0003529000000526139,
test_00376,эт будет про нас))),neutral,test,neutral,2.928000003521447e-07,neutral,0.00034209999967060867,
test_02753,Моя маленькая прелесть)),positive,test,neutral,2.928000003521447e-07,positive,0.00037550000024566543,
test_00704,"в моей жизни что то изменилось, я стал собирать кровать..:)",neutral,test,neutral,2.928000003521447e-07,neutral,0.000424999999722786,
test_00826,"к статусу.
На словах ты Лев Толстой, а на деле хуй простой!",negative,test,neutral,2.928000003521447e-07,neutral,0.0003666000002340297,
test_01603,Теперь у меня другой адресс=))рядом с офисом=)),neutral,test,neutral,2.928000003521447e-07,positive,0.000345999999808555,
test_01377,"Все бабы как бабы, а ты Богиииииня ))))",positive,test,neutral,2.928000003521447e-07,positive,0.00034060000007229974,
test_01507,Помнишь?*)),neutral,test,neutral,2.928000003521447e-07,neutral,0.00047459999996135593,
test_00781,"Она привыкла морщить носк и надувать губки когда говорят про любовь,""Ребята любви нет""говорит она и никто не знает,как она плачет по ночам,плачь боли и отчаянья!",negative,test,neutral,2.928000003521447e-07,neutral,0.0004582999999911408,
test_01010,А слабо такую рыбку поймать?),neutral,test,neutral,2.928000003521447e-07,neutral,0.0004339000001891691,
test_01271,"Вроде все нормально, но душу рвет на части. 😞",negative,test,neutral,2.928000003521447e-07,neutral,0.0006231000002117071,
test_01883,Кто здесь?,neutral,test,neutral,2.928000003521447e-07,neutral,0.0005749000001742388,
test_00385,Моя кисулька!)#моядоча#губкипююю,positive,test,neutral,2.928000003521447e-07,positive,0.000604999999723077,
test_00428,"Я только сейчас понимаю,как же я похож на свою сестру,лал.
Это настолько пи3дец,что даже WIN.",neutral,test,neutral,2.928000003521447e-07,neutral,0.0006312999998954183,
test_00226,"Если пьянку нельзя предотвратить, ее надо возглавить",neutral,test,neutral,2.928000003521447e-07,neutral,0.0005522999999811873,
test_00610,Когда любимый человек приносит утром бухлишко в постель❤️❤️❤️😂,positive,test,neutral,2.928000003521447e-07,positive,0.0006160000002637389,
test_02218,"По пожеланию лейбла Golitsyn music label (the UK) решил попробовать свои силы в написании транса. Что из этого получилось, на ваш суд :)))",neutral,test,neutral,2.928000003521447e-07,neutral,0.0006180000000313157,
test_01372,Профессия изначально должна быть актом любви. И никак не браком по расчету. (Харуки Мураками. Токийские легенды),neutral,test,neutral,2.928000003521447e-07,neutral,0.0005630999999084452,
test_01219,"Правильно про нас говорят, точнее мы про себя: для русского человека единственным знаком запрещающим проезд является бетонный блок поперек дороги, все остальные - предупреждающие. Именно поэтому у нас придумали такое ноу-хау в виде металлических ловушек, подымающихся из земли. Когда же мы это быдлятство то изживем?",negative,test,neutral,2.928000003521447e-07,neutral,0.000625799999852461,
test_02190,"а на еще одну, авось не слышал... даже не одну",neutral,test,neutral,2.928000003521447e-07,neutral,0.0005895999997846957,
test_00540,"#MERLINflashmob
16.Любимая приглашенная звезда
Конечно,это Гарри Меллинг)
 ""Дадлик"" похудал,да ещё и играет волшебника.Очень порадовало)",positive,test,neutral,2.928000003521447e-07,positive,0.0005826999999953841,
test_00955,скоро старый новый год!,neutral,test,neutral,2.928000003521447e-07,neutral,0.0006367000000864209,
test_02791,"хаха
а в подписках то первый кэп)",neutral,test,neutral,2.928000003521447e-07,positive,0.0005252999999356689,
test_00720,Бросили меня как надоевшую вешь!,negative,test,neutral,2.928000003521447e-07,negative,0.000610300000062125,
test_02096,"Ничто так не связывает нас, как наши пороки.",neutral,test,neutral,2.928000003521447e-07,negative,0.00041880000026139896,
test_01570,"Рано тебе на необитаемый остров....сначала приедешь ко мне,а потом может вдвоём укатим=))",neutral,test,neutral,2.928000003521447e-07,neutral,0.0004220000000714208,
test_01615,Зарплаты сотрудников СПбГУ достигают 1 млн руб,neutral,test,neutral,2.928000003521447e-07,neutral,0.00035399999978835694,
test_01579,Надоело быть сильной!,negative,test,neutral,2.928000003521447e-07,negative,0.0003984999998465355,
test_02471,"а что нужно вам , чтобы бытьсчастливыми ?",neutral,test,neutral,2.928000003521447e-07,neutral,0.00036479999971561483,
test_00703,Подсвечник,neutral,test,neutral,2.928000003521447e-07,neutral,0.00034669999968173215,
test_00959,А за окном дождь...- такое привычное явление этим летом....,neutral,test,neutral,2.928000003521447e-07,neutral,0.00038080000012996607,
test_01805,"Враг не пройдет ! =))

Ранее утро, горячий чай, .. и прекрасный вид из окна",positive,test,neutral,2.928000003521447e-07,neutral,0.00041710000004968606,
test_01075,80 дней до приказа!!!,positive,test,neutral,2.928000003521447e-07,neutral,0.0005586000002040237,
test_00166,КАКАЯ ЖЕ ЭТО ГОДНОТА! ❤,positive,test,neutral,2.928000003521447e-07,neutral,0.000488499999846681,
test_02732,Вот так вот...делайте вывод)))),neutral,test,neutral,2.928000003521447e-07,neutral,0.0003922999999304011,
test_00702,В Чечню с гитарой не хуже чем с автоматом...,neutral,test,neutral,2.928000003521447e-07,negative,0.00035859999979948043,
test_02267,Таки дополз.,neutral,test,neutral,2.928000003521447e-07,positive,0.0003426000002946239,
test_02023,Мария Шарапова вышла в финал Открытого чемпионата Австралии,neutral,test,neutral,2.928000003521447e-07,neutral,0.0003999999998995918,
test_01436,Сессия сдана на отлично!!!!!! Ура!!!!!!)))) #блондинкавзаконе  ,positive,test,neutral,2.928000003521447e-07,positive,0.00036210000007486087,
test_02634,хочууууууу фоткаться(((*,positive,test,neutral,2.928000003521447e-07,neutral,0.0003461999999672116,
test_01312,"Наконец-то нацарапал правой рукой, которой я писать нихуя не умею, описание нападения. Нужно будет в ближайшее время отнести его в полицию, а то кроме опроса, написанного полицейским, и моего короткого заявления: ""Прошу возбудить уголовное дело по факту нападения"" у них ничего нет.",neutral,test,neutral,2.928000003521447e-07,neutral,0.0004656999999497202,
test_00157,"Погнали!Выкладываю свой новый трек за 9 месяцев отдыха.Задеты все проблемы нашего мироздания.Постарался сильно.Слушаем комментим,лайкаем,репостим.",neutral,test,neutral,2.928000003521447e-07,neutral,0.0003803999998126528,
test_01960,Когда же я вернусь по человечески:) .? А то каждый раз так.,neutral,test,neutral,2.928000003521447e-07,neutral,0.0004131000000597851,
test_01844,Божечки-кошечки! Мы сейчас на воздушном такси полетим!,positive,test,neutral,2.928000003521447e-07,neutral,0.0004616000001078646,
test_02812,"Если бы ты только знала , с каким нетерпением я жду твоих смс",neutral,test,neutral,2.928000003521447e-07,neutral,0.00039969999988898053,
test_00402,связи решают,neutral,test,neutral,2.928000003521447e-07,neutral,0.0003660999996100145,
test_00162,"Мужские Кеды Lаcoste !! Набираем на завтра, 1000 руб всего!!! Остались размеры 42, 44, 44, 45,  в размер!!!",neutral,test,neutral,2.928000003521447e-07,neutral,0.00038790000007793424,
test_01101,Такой день) а еще наш любимый Дубар проверили),neutral,test,neutral,2.928000003521447e-07,positive,0.0004777000003741705,
test_00240,"21-23 ноября 2014 года
СИСТЕМА СИБИРСКИЙ КАЗАК. Интенсив в Москве

ТЕМА:
Палка (трость, посох, кий. и т.д) - одно из четырёх статусных орудий - ОРУЖИЙ в мужской традиционной культуре.



П.С.
Добро не обязательно должно быть с кулаками, ведь в большинстве случаев ему достаточно ПАЛКИ!
:)",neutral,test,neutral,2.928000003521447e-07,neutral,0.0005646999998134561,
test_01575,Чем тебе так досадили насекомые? ;),neutral,test,neutral,2.928000003521447e-07,neutral,0.00041419999979552813,
test_00050,Мистер Буч,neutral,test,neutral,2.928000003521447e-07,neutral,0.00036860000000160653,
test_02249,"Всё на свете говно,
Кроме мочи. 
Но есть ещё ветер, 
И йа в него бздю...",negative,test,neutral,2.928000003521447e-07,neutral,0.0004475000000638829,
test_02899,#ахахах ...,positive,test,neutral,2.928000003521447e-07,positive,0.00034910000022136956,
test_02626,Самый преличный класс,positive,test,neutral,2.928000003521447e-07,positive,0.00034060000007229974,
test_00277,мой крестник Темка ,neutral,test,neutral,2.928000003521447e-07,neutral,0.00034850000020014704,
test_02022,"Блядь,ну дота пиздец говно ,для умственно отсталых мудаков,как же я раньше не играл в неё?",negative,test,neutral,2.928000003521447e-07,negative,0.0003839999999399879,
test_01058,го на моря :),neutral,test,neutral,2.928000003521447e-07,neutral,0.0003602000001592387,
test_00317,ВЫНОС МОЗГА,negative,test,neutral,2.928000003521447e-07,neutral,0.000346100000115257,
test_02005,Дали был бы доволен:),neutral,test,neutral,2.928000003521447e-07,neutral,0.0003713999999490625,
test_01081,Самая последняя спетая Михой песня ..... Грустно .....,negative,test,neutral,2.928000003521447e-07,positive,0.0003641999996943923,
test_00096,"В четверг, 6 декабря, в американском штате Вашингтон в действие вступает новая поправка к законодательству, разрешающая лицам старше 21 года приобретать одну унцию (28,3 грамма) марихуаны в специальных точках продаж и использовать продукт в личных целях (не на публике). 2012",neutral,test,neutral,2.928000003521447e-07,neutral,0.00038650000033157994,
test_01065,"В нашу семью пришел удивительный малыш! Юлечка, спасибо тебе за сыночка!",positive,test,neutral,2.928000003521447e-07,neutral,0.00034419999974488746,
test_02879,аххха))помнишь=),positive,test,neutral,2.928000003521447e-07,neutral,0.0008318999998664367,
test_02375,"Молдавская, 23
Сдам квартиру
2-к квартира 50 м² на 3 этаже 10-этажного панельного дома
Сдам просторную двухкомнатную квартиру возле ТРК ""Фокус"". В квартире сделан хороший ремонт. На кухне новый кухонный гарнитур, обеденная зона, холодильник, плита, СВЧ-печь. В зале диван, 2 кресла, телевизор, стенка. В спальне диван, компьютерный стол, телевизор. 16 000 руб.",neutral,test,neutral,2.928000003521447e-07,neutral,0.0006499000000985689,
test_01981,"Девочки и мальчики! Скоро Лето! 🌴 Скинуть к пляжному сезону лишние кг, улучшить свое питание и поправить здоровье можно с Energy Diet!🌞 Супер полезный порошок в банке для супер коктейля! Это обогащенная еда🍴. Я люблю ""ваниль""☕, ""Банан""🍌, ""вкусный кофе""☕ и шоколад! Чтобы получить специальную диету для коррекции веса нужно написать в Вк, ватсап/вайбер +380979754393",neutral,test,neutral,2.928000003521447e-07,neutral,0.00046180000026652124,
test_02475,ПРОЦВЕТАНИЕ Запрещён к трансляции по ЦТ во всём мире.,neutral,test,neutral,2.928000003521447e-07,neutral,0.0003675000002658635,
test_02032,Блять хренали вы пишите! Вы попробуйте так жить как пишите! Сука…,negative,test,neutral,2.928000003521447e-07,neutral,0.00035680000019056024,
test_00718,Писать в лс!,neutral,test,neutral,2.928000003521447e-07,neutral,0.00037539999993896345,
test_02877,Хорошо погудели),positive,test,neutral,2.928000003521447e-07,positive,0.000346100000115257,
test_00510,"Ребят, кто-нибудь может мне позвонить завтра в 8 утра?:)",neutral,test,neutral,2.928000003521447e-07,neutral,0.00036860000000160653,
test_02047,"Помогите! Какое слово из 4 букв загадано на картинках?
Возможные буквы: Э Ц Ю Д А Ж В Б Г С Ш Н Ч У

Присоединяйтесь к игре:
 ",neutral,test,neutral,2.928000003521447e-07,neutral,0.0003783000001931214,
test_01918,Узнаешь себя? ,neutral,test,neutral,2.928000003521447e-07,neutral,0.00034370000003036694,
test_00522,"Жители Новосибирска террористу ДНР_ Пошел вон убийца, тварь ВИДЕО",negative,test,neutral,2.928000003521447e-07,neutral,0.00035100000013699173,
test_00067,"Друзья - это редкие драгоценности, они приносят тебе улыбку и радость. Они готовы выслушать тебя, когда тебе это нужно, они поддерживают тебя и открывают тебе свое сердце.©",positive,test,neutral,2.928000003521447e-07,neutral,0.0004166999997323728,
test_00981,"Бляяяяяяяяять!!!!!!!!! Кто такая есть АВСТРАЛИЯ!?!?!??!? Кто она есть, чтобы кому то что-то указывать?!??! Что это за кенгурятник?!?!?? Они сссссссссукккиии напрочь охуели что-ли?!?!??",negative,test,neutral,2.928000003521447e-07,neutral,0.0003867000000354892,
test_02265,Незабываемо!!!!!!!,positive,test,neutral,2.928000003521447e-07,neutral,0.00034009999990303186,
test_02255,ВадьZ ... ну Традиционно ) Не без Этого ))),neutral,test,neutral,2.928000003521447e-07,neutral,0.0003776999997171515,
test_02738,"пиздеш какойто
",negative,test,neutral,2.928000003521447e-07,neutral,0.00040720000015426194,
test_01586,Приветствую прекрасную лучницу на просторах инета!,positive,test,neutral,2.928000003521447e-07,neutral,0.00039859999969849014,
test_01362,"Может звучит смешно, но да, я катаюсь на лопате)))",positive,test,neutral,2.928000003521447e-07,negative,0.0003827999998975429,
test_01399,"Воспоминания звездной пыли, реж. Катерина Драгунова
Ты как собор Василия Блаженного. 17. 2013 - НОВАЯ СТРАНИЦА ВКОНТАКТЕ И они смеются.

— создано в приложении «Генератор постов»:",neutral,test,neutral,2.928000003521447e-07,neutral,0.0004152999999860185,
test_02863,"Спасибо, что ты делаешь мою жизнь ярче😘 я люблю тебя 💖💞💏",positive,test,neutral,2.928000003521447e-07,positive,0.0003613999997469364,
test_00507,"нет ничего хуже безразличия
лучше даже ссориться и ругаться,
но знать, что этому человеку есть до тебя дело",negative,test,neutral,2.928000003521447e-07,neutral,0.00041570000030333176,
test_01004,Неоспоримый,neutral,test,neutral,2.928000003521447e-07,neutral,0.0003636999999798718,
test_02731,Кто я для тебя?,neutral,test,neutral,2.928000003521447e-07,neutral,0.00034469999991415534,
test_02653,Барселона лучшая!!!!))),positive,test,neutral,2.928000003521447e-07,neutral,0.00035320000006322516,
test_00264,такие бы взял?,neutral,test,neutral,2.928000003521447e-07,neutral,0.00035330000036992715,
test_02109,ай да красотаа )),positive,test,neutral,2.928000003521447e-07,neutral,0.00033970000004046597,
test_02685,Диана-белка ),neutral,test,neutral,2.928000003521447e-07,neutral,0.00033230000008188654,
test_02524,"Тише, души на крыше
Медленно дышат перед прыжком.
Слышу все твои мысли,
То, что нам близко, всё кувырком.

Как проще сказать,
Не растерять, не разорвать,
Мы здесь на века, словно река,
Словно слова молитвы.

Всё, кроме любви,
Вся наша жизнь так далеко.
Я, я не один,
Но без тебя просто никто.

Пепел легок и светел,
Я не заметил, как время прошло.
Чары силу теряют
И превращают жемчуг в стекло.

Как пусто в душе
Без миражей, без волшебства.
Мы здесь лишь на миг,
Пусть он звучит, словно слова молитвы.

Всё, кроме любви,
Вся наша жизнь так далеко.
Я, я не один,
Но без тебя просто никто.

Всё, кроме любви,
Вся наша жизнь так далеко.
Я, я не один,
Но без тебя просто никто.

Всё, кроме любви,
Вся наша жизнь так далеко.
Я, я не один,
Но без тебя просто никто.",neutral,test,neutral,2.928000003521447e-07,negative,0.0005265999998300686,
test_00108,"Брат за брат, брат",neutral,test,neutral,2.928000003521447e-07,neutral,0.0003578999999263033,
test_02696,а бонг норм или нет,neutral,test,neutral,2.928000003521447e-07,neutral,0.0003431000000091444,
test_00857,"Я жду 2013 год потому, что это будет самый лучший год в моей жизни!И я очень хочу, чтобы и в этом году вы были со мной,мои друзья:)Ведь друзья-это то, что никогда не проходит. Настоящие друзья-это навсегда.",positive,test,neutral,2.928000003521447e-07,positive,0.0003838999996332859,
test_02743,УМНАЯ МНЕ БАБА НЕ НУЖНА))))))),neutral,test,neutral,2.928000003521447e-07,neutral,0.00043000000005122274,
test_02650,"Электронная версия легендарной ПЕРВОЙ! - ПОДСТОЛЬНОЙ! - НЕПОДЦЕНЗУРНОЙ! - газеты ""У.Курень""!
наконец-то! УРА!!!",positive,test,neutral,2.928000003521447e-07,positive,0.0003837999997813313,
test_02711,"О чём мечтаю я? Да просто жить... Дышать, любить и знать, что я любима! И каждое мгновение ценить... Поскольку наша жизнь неповторима!*)",positive,test,neutral,2.928000003521447e-07,neutral,0.0003808999999819207,
test_00212,"Если стареть, то только так",neutral,test,neutral,2.928000003521447e-07,neutral,0.0003575000000637374,
test_00608,"Та-та-литара... талитари...толи-та-ри...

Тили-тили... трали-вали...

Это мы не проходили, это нам не задавали...",neutral,test,neutral,2.928000003521447e-07,neutral,0.00037269999984346214,
test_01663,"знаешь какие ощущения у меня будут после
получения аттестата?
хозяин подарил Добби носок! Добби
свободен",positive,test,neutral,2.928000003521447e-07,neutral,0.000362799999948038,
test_02020,"...Любимый, добрый, красивый...))):-*",positive,test,neutral,2.928000003521447e-07,positive,0.0004971999996996601,
test_01256,Хорошо оттеняет приговор по Болотной,neutral,test,neutral,2.928000003521447e-07,positive,0.00037050000037197606,
test_01457,как можно вступить в Парящие?,neutral,test,neutral,2.928000003521447e-07,neutral,0.00034640000012586825,
test_01057,Записки  врача... -  Не плюй в колодец...,neutral,test,neutral,2.928000003521447e-07,neutral,0.0003803999998126528,
test_01020,"Мишуля, мы с тобой! Ждёмс тебя!:)",positive,test,neutral,2.928000003521447e-07,positive,0.00036869999985356117,
test_00299,под асфальтом - пляж,neutral,test,neutral,2.928000003521447e-07,neutral,0.0003513999999995576,
test_00170,"Говорят: 'Мужчины любят сильных женщин....' Это СЛАБЫЕ мужчины любят сильных женщин. А СИЛЬНЫЕ мужчины любят СЛАБЫХ женщин.... И только НАСТОЯЩИЙ мужчина любит женщину такой, какая она есть......",neutral,test,neutral,2.928000003521447e-07,neutral,0.00038319999976010877,
test_00819,Сержант ДОМА!,positive,test,neutral,2.928000003521447e-07,positive,0.0003465999998297775,
test_02631,КОСМОС КАК ПРЕДЧУВСТВИЕ,neutral,test,neutral,2.928000003521447e-07,neutral,0.0003764000002774992,
test_01856,что это за трусы?),neutral,test,neutral,2.928000003521447e-07,neutral,0.00040050000006885966,
test_00408,Пошёл душить кощея-пожирателя детей и просить привлечь в качестве второго ответчика другую змею. В 14-30 начало судебного заседания. Главное теперь по срокам отбиться и чтобы суд ходатайство в полном объёме удовлетворил.,neutral,test,neutral,2.928000003521447e-07,neutral,0.00038419999964389717,
test_01557,пипец скучаю! Давай уже быстрее!!!)))ахахах,positive,test,neutral,2.928000003521447e-07,positive,0.00036610000006476184,
test_01838,Будь неладен день нашего знакомства!,negative,test,neutral,2.928000003521447e-07,neutral,0.0003376999998181418,
test_00799,Угнала тележку😆,neutral,test,neutral,2.928000003521447e-07,neutral,0.00032969999983833986,
test_02204,"Я научу тебя скучать по мне...
Понять, что время учит, а не лечит.
Что счастье - каждый миг наедине.. 
И что в разлуке лишь желанней встреча.
Я научу тебя меня хотеть... 
До умопомрачения, до боли.. 
Чтобы, не прикасаясь, мной владеть.
И ощущать, как я полна тобою...
Я все принять смогу и все понять. 
Любить и ждать, почти что не ревнуя. 
Ты лишь сумей меня не потерять. 
Но этому тебя не научу я...",neutral,test,neutral,2.928000003521447e-07,negative,0.00044689999958791304,
test_01522,"Страницу жизни новую
Готов сегодня ты открыть.
Желаю я с любовью
Тебе всю жизнь прожить.
Желаю чтоб печали
Не знали о тебе,
Чтоб радости встречали
Тебя в твоей судьбе,
Чтоб небо было чистым,
Как все твои мечти.
И взгляд твой был лучистым,
Чтоб улыбался ты.))",positive,test,neutral,2.928000003521447e-07,positive,0.0004008000000794709,
test_02400,Как я сходил на выставку Андрея Бартенева 🌈 🍭,neutral,test,neutral,2.928000003521447e-07,neutral,0.0003513999999995576,
test_01286,Понаприлетали...,neutral,test,neutral,2.928000003521447e-07,neutral,0.0003526999998939573,
test_02256,чери амулет 2011 г. Скажите пожалуйста какие лучше амортизаторы поставить??? и сколько их цена???спасибо!,neutral,test,neutral,2.928000003521447e-07,neutral,0.0003636999999798718,
test_01912,"Чехол для сидения автомобиля Me To You!
РЕДКОСТЬ!!!!
Только в нашем магазине.",neutral,test,neutral,2.928000003521447e-07,neutral,0.0003495999999358901,
test_01204,Я только учусь),neutral,test,neutral,2.928000003521447e-07,negative,0.0003280000000813743,
test_02500,если будешь себя плохо вести =D,neutral,test,neutral,2.928000003521447e-07,neutral,0.0003530999997565232,
test_00284,А Брюс Уиллис ещё крепкий дедуля однако.,neutral,test,neutral,2.928000003521447e-07,neutral,0.00036689999978989363,
test_01159,СКОРО БУДУ ДОМА! насколько скоро решится очень быстро.... ЭТАП 1 ПРОЙДЕННО))))),positive,test,neutral,2.928000003521447e-07,positive,0.00035549999984141323,
test_02172,Когда нечего делать,neutral,test,neutral,2.928000003521447e-07,neutral,0.00033379999968019547,
test_01261,Мэн шикарен!),positive,test,neutral,2.928000003521447e-07,neutral,0.000335700000050565,
test_00911,Готовьтесь!,neutral,test,neutral,2.928000003521447e-07,neutral,0.0003513999999995576,
test_00570,Социальная реклама. Скоро на трамваях Череповца!,neutral,test,neutral,2.928000003521447e-07,neutral,0.00035089999983028974,
test_00767,"Такая , ещё ничего себе, дамочка👯",positive,test,neutral,2.928000003521447e-07,neutral,0.0003412999999454769,
test_01998,Рекомендую... интерессная синима...,positive,test,neutral,2.928000003521447e-07,neutral,0.00038349999977072,
test_01263,"давай, я жду тебя на пятаке в 12:10:22",neutral,test,neutral,2.928000003521447e-07,neutral,0.0003566000000319036,
test_02924,"Возможно, слышала.
Вот его бы в Мск увидеть.))",neutral,test,neutral,2.928000003521447e-07,neutral,0.00034450000021024607,
test_02392,"вот вам 2 релиза,в ином направлении)))",neutral,test,neutral,2.928000003521447e-07,neutral,0.0003695000000334403,
test_01903,"БЛИН,НАЧИНАЮ ВЛЮБЛЯТСЯ...А ВЗАИМНО ЛИ ЭТО???",neutral,test,neutral,2.928000003521447e-07,neutral,0.00035339999976713443,
test_01470,прикольний статус!!!)))))),positive,test,neutral,2.928000003521447e-07,positive,0.0003339999998388521,
test_00993,Это ты в пятницу)))))))),neutral,test,neutral,2.928000003521447e-07,neutral,0.0003457000002526911,
test_00579,Я его помню))) Запрещенным не был))),neutral,test,neutral,2.928000003521447e-07,neutral,0.0003557999998520245,
test_02833,Товарищ Ху Дзинь Тао поехал обратно. Недолго он прибывал на форуме.,neutral,test,neutral,2.928000003521447e-07,neutral,0.000352399999883346,
test_00331,риал мачо мэн 😆,positive,test,neutral,2.928000003521447e-07,neutral,0.000409600000239152,
test_02077,"Лежу такой среди девчонок -балдею:)
#британскиекотята #вислоухиекотята #котятвыбирайте",positive,test,neutral,2.928000003521447e-07,positive,0.0005300000002534944,
test_00897,"Все люди как люди, влюбляются в девушек, а я влюбился в свои новые наушники:) #instacam #wp7",neutral,test,neutral,2.928000003521447e-07,neutral,0.00037849999989703065,
test_01561,"Помогите вспомнить, откуда взята инструментальная вставка из самого начала этой песни.",neutral,test,neutral,2.928000003521447e-07,neutral,0.0005550999999286432,
test_00653,"Запомним команданте таким...
На авиабазе им. л-та Гарсия, 2007 г.",neutral,test,neutral,2.928000003521447e-07,neutral,0.0005302999998093583,
test_02554,Поц некисло сбацал хоп (с),neutral,test,neutral,2.928000003521447e-07,neutral,0.00044399999978850246,
test_01246,Владимировичи,neutral,test,neutral,2.928000003521447e-07,neutral,0.0005922000000282424,
test_00956,"а братья нам оказались не те с чьими дедами шли против фашизма,а те чьи деды были фашистами. заслуживают уважения",neutral,test,neutral,2.928000003521447e-07,neutral,0.0004814999997506675,
test_01946,адский был чувак),positive,test,neutral,2.928000003521447e-07,neutral,0.00039139999989856733,
test_01709,"Родной человек - тот, с кем
ты можешь говорить часами,
даже когда говорить-то и не о
чем.
Родной человек - тот, с кем
приятно даже просто
помолчать.
Родной человек - тот, чья
боль тебе больнее
собственной.",neutral,test,neutral,2.928000003521447e-07,negative,0.00045860000000175205,
test_01691,го запилим пиздатое демо для амиги и победим на СС,neutral,test,neutral,2.928000003521447e-07,neutral,0.0004061999998157262,
test_01924,бля наткнулась аш улыбнуло),positive,test,neutral,2.928000003521447e-07,neutral,0.0007878000001255714,
test_00525,Ревизор в Одессе!!!г.Черноморск*),neutral,test,neutral,2.928000003521447e-07,neutral,0.0006978999999773805,
test_01674,"[id5430162|Лев], что случилось?)тоже плохо после вчерашнего?)))",neutral,test,neutral,2.928000003521447e-07,neutral,0.0004281999999875552,
test_02803,У нас жесть. А у вас?,negative,test,neutral,2.928000003521447e-07,neutral,0.0003806999998232641,
test_01018,Пиздатый попугай),positive,test,neutral,2.928000003521447e-07,neutral,0.0003921999996236991,
test_02725,"У меня 200 уровень.
",neutral,test,neutral,2.928000003521447e-07,positive,0.0004754999999931897,
test_02593,ВСЕ ЗАВТРА НА РАБОТУ((((,negative,test,neutral,2.928000003521447e-07,neutral,0.0006284000000960077,
test_00660,Ура-ура-УРААА!!!)) Сбылась мечта идиота! Поздравьте!),positive,test,neutral,2.928000003521447e-07,positive,0.000630999999884807,
test_01114,"Говорили же тебе, облысеешь, татуху видно будет;)
Новый депутат городской Думы в Свердловской области.",neutral,test,neutral,2.928000003521447e-07,neutral,0.0006499999999505235,
test_02481,2ееее....местооооо!!!!,positive,test,neutral,2.928000003521447e-07,neutral,0.0004336000001785578,
test_02352,Бредяяятина... не спать всю ночь ради такого?? мдаа..,negative,test,neutral,2.928000003521447e-07,neutral,0.00044049999996786937,
test_00896,"ааа как вспомню Панда лезби )ахахах
сама сказала,и сама приставала к Лёхе)",neutral,test,neutral,2.928000003521447e-07,positive,0.00046769999971729703,
test_02622,Толерастам:,negative,test,neutral,2.928000003521447e-07,neutral,0.0006165999998302141,
test_01694,у СОВРЕМЕННОЙ ЭКОНОМИКИ НЕТ НИКАКОЙ ЭКОНОМИКИ ГОСУДАРСТВЕННОЙ.    МНЕ  РАБОЧЕЙ ОТ ТОКАРНОГО СТАНКА СОЗДАЮЩЕЙ СОБСТВЕННЫМИ РУКАМИ МАТЕРИАЛЬНЫЕ ЦЕННОСТИ С ДЕТСТВА ИЗВЕСТНО ЧТО ЭКОНОМИКА ЭТО И ЕСТЬ СОЗДАНИЕ МАТЕРИАЛЬНЫХ ЦЕННОСТЕЙ СВОИМИ РУКАМИ В СВОЕЙ СТРАНЕ.  ЭТО ЗНАЛИ И  ОСУЩЕСТВЛЯЛИ ПОСЛЕ ВОЙНЫ С 1944 Г  ВСЕ НАРОДЫ ВОССТАНАВЛИВАЯ ЗАВОДЫ ФАБРИКИ СЕЛЬСКХОЗЯЙСТВА.         СЕГОДНЯ ХОЗЯЕВАМ НАПЛЕВАТЬ НА ВСЕ ОНИ И ТАК БОГАТЫЕ ГОСПОДА.              А ЭКОНОМИКУ ЗАМЕНЯЮТ ПОЛИТИКОЙ СЛИЗАННОЙ С АМЕРИКАНЦЕВ   И МИЛЛИОНЫ ДЕРЖАТ В ЧУЖИХ БАНКАХ. НА СЕГОДНЯШНИЙ ДЕНЬ У МЕНЯ ОБРАЗОВАНИЕ ЭКОНОМИЧЕСКОЕ-ВЫСШЕЕ И ПРЯМО ВАМ ГОВОРЮ У РОССИИ НЕТ ЭКОНОМИКИ В РОССИИ ТОЛЬКО БАРДЕЛЬ ПОЛИТИКОВ   .,negative,test,neutral,2.928000003521447e-07,neutral,0.0006063000000722241,
test_01143,Сыыыыноооокккк♥♥,positive,test,neutral,2.928000003521447e-07,neutral,0.000377200000002631,
test_01996,Обоюдная так как оба на красный сигнал залетели! 5000 штук зря отдал!,neutral,test,neutral,2.928000003521447e-07,neutral,0.00045250000039231963,
test_02648,кто был - тот в теме))),neutral,test,neutral,2.928000003521447e-07,neutral,0.00037190000011833035,
test_01197,Сказка всегда практически всегда становиться реальностью.......,neutral,test,neutral,2.928000003521447e-07,positive,0.00035620000016933773,
test_02525,Куала-Лумпурские нанотехнологии!)),neutral,test,neutral,2.928000003521447e-07,neutral,0.0003417000002627901,
test_01196,Очень вкусный протеин! Он ничем не заменим!,neutral,test,neutral,2.928000003521447e-07,negative,0.00038619999986622133,
test_00052,"Я жаловался на мусор в ростовских рощах и парках. Омск, я беру свои слова обратно...",negative,test,neutral,2.928000003521447e-07,neutral,0.00036310000041339663,
test_02291,связан с мотоциклами или интересуешься - будь в теме!,neutral,test,neutral,2.928000003521447e-07,neutral,0.00034450000021024607,
test_01074,"для тех, кто учился в 60-80.avi",neutral,test,neutral,2.928000003521447e-07,neutral,0.0003915999996024766,
test_02451,"я верю, что думающий в России не он один.",neutral,test,neutral,2.928000003521447e-07,neutral,0.0004945000000589062,
test_00618,"Пора проснуться, иначе катастрофа неминуема.",neutral,test,neutral,2.928000003521447e-07,neutral,0.0003735999998752959,
test_00436,"кто из моделей хотел со мной посотрудничать тфп просто поставьте тут лайк, а я сама выберу (наугад или нет - хз) одну-двух девушек... жду новые лица ;)",neutral,test,neutral,2.928000003521447e-07,neutral,0.0006087999995543214,
test_00267,ужас как они могли ети люди если это вобще люди,negative,test,neutral,2.928000003521447e-07,neutral,0.0003934999999728461,
test_02280,люблю тебя зая)))*,positive,test,neutral,2.928000003521447e-07,positive,0.00039839999999458087,
test_01817,МОЙ САМЫЙ ЛЮБИМЫЙ АНГЕЛ!!!!,positive,test,neutral,2.928000003521447e-07,positive,0.00035129999969285564,
test_01765,"Заметили? Если кружку разбила мама, то это на счастье, а если ты, то у тебя руки из одного места)",neutral,test,neutral,2.928000003521447e-07,neutral,0.0004025999996883911,
test_00792,Наши первые колоски))),positive,test,neutral,2.928000003521447e-07,positive,0.00035200000002078013,
test_01816,Я просто не мог этого не сделать.,neutral,test,neutral,2.928000003521447e-07,neutral,0.00035109999998894637,
test_00798,а ты примешь вызов?,neutral,test,neutral,2.928000003521447e-07,neutral,0.0003706000002239307,
test_00532,"Кто поёт песню миллион,миллион алых роз?",neutral,test,neutral,2.928000003521447e-07,neutral,0.00035509999997884734,
test_00945,Бакалавр!!!!егегей!!!,positive,test,neutral,2.928000003521447e-07,neutral,0.0003394000000298547,
test_01265,"если еще не видел,то понравится)))))",positive,test,neutral,2.928000003521447e-07,neutral,0.00034009999990303186,
test_01693,"ммм, рыцарь печального образа слушает УН??)",neutral,test,neutral,2.928000003521447e-07,neutral,0.00037229999998089625,
test_00551,"Я прошел клёвый тест  ''Какой Вы мужчина?'' . Удивительные результаты! Советую всем пройти! 
 ♥♥♥",neutral,test,neutral,2.928000003521447e-07,neutral,0.000537999999778549,
test_00175,"[id12378670|Anastasia], хорошо бы до следующего шоу аффтар хореографии убился ап стену",negative,test,neutral,2.928000003521447e-07,neutral,0.0005641000002469809,
test_02210,И такая дребедень целый день😂😂😂,negative,test,neutral,2.928000003521447e-07,neutral,0.0003698999998960062,
test_01611,"Лимитированный Гаара Sand Coffin, выпущенный в 2007 году ограниченным тиражом в 2000 экземпляров и я всё-таки его получила *О*
Радость-счастье..",positive,test,neutral,2.928000003521447e-07,positive,0.0003778000000238535,
test_00039,Юра просит у тебя ману в подарок в игре Трагедия Белок ,neutral,test,neutral,2.928000003521447e-07,neutral,0.0003682999999909953,
test_02537,Шизофрения - бесплатный тест. Полностью в режиме онлайн.,neutral,test,neutral,2.928000003521447e-07,neutral,0.00035390000039114966,
test_00397,прадам черный белый зелёный мрамор киноленты хрусталь брёвна пальмы синию черепицу краску краснаю жёлтую сах вату пряники колокольчики газеты бумагу брусь секвою пишите в лс каму што нужна паставлю торг))),neutral,test,neutral,2.928000003521447e-07,neutral,0.000375899999653484,
test_00465,"Ребята, не играйте на слабо с выпивкой...",neutral,test,neutral,2.928000003521447e-07,neutral,0.0003658000000541506,
test_00129,ЖЕНЬКА~ЖМЕНЬКА!!!))),neutral,test,neutral,2.928000003521447e-07,neutral,0.00035649999972520163,
test_00429,На выходе из гостиницы на этой неделе,neutral,test,neutral,2.928000003521447e-07,neutral,0.0003492000000733242,
test_00874,"Прикольно, когда ""знакомые знакомых"" (быстрое опознание по фото вконтакте) впервые видят тебя с царапиной на лбу после бурных именин.",neutral,test,neutral,2.928000003521447e-07,neutral,0.0003974999999627471,
test_02300,Теперь я дважды дядя,positive,test,neutral,2.928000003521447e-07,positive,0.00037250000013955287,
test_00098,"Семь секретов счастливого человека.

1. Не беспокоиться о том, что думают о тебе окружающие. (Секрет Свободы)
2. Любая наша мысль обязательно материализуется. (Секрет Реальности)
3. Полюбите и примите своё тело. (Секрет Красоты)
4. Не осуждайте и не критикуйте себя и других. (Секрет Дружбы)
5. Дарите Любовь и не переделывайте Любимых. (Секрет Любви)
6. Научитесь сначала давать, а потом получать. (Секрет Богатства)
7. Не додумывайте за других, больше любите и радуйтесь. (Секрет Счастья)",neutral,test,neutral,2.928000003521447e-07,neutral,0.0004401999999572581,
test_00146,"Юляшка, узнай всю правду о себе здесь:
 ♥♥♥  ♥♥♥",neutral,test,neutral,2.928000003521447e-07,neutral,0.00034679999998843414,
test_02494,Ну да стёб,neutral,test,neutral,2.928000003521447e-07,neutral,0.00035220000017943676,
test_01974,"По итогам небольшой дискуссии родился вопрос переросший в опрос ""В чём удовольствие от езды для второго номера""? Адресовано прежде всего подругам, к тем кто катал и кто хотел бы покататься. Что вы ждёте от таких покатушек? Впрочем, дядьки тоже могут отвечать)))
",neutral,test,neutral,2.928000003521447e-07,neutral,0.0004529999996520928,
test_02873,"Есть одна такая хорошая поговорка: ""Доверяй, но проверяй"".. жаль, что порой результаты проверки такие, что сразу вспоминаешь ещё одну: ""Меньше знаешь - крепче спишь"".",negative,test,neutral,2.928000003521447e-07,neutral,0.0003859999997075647,
test_02463,НАЖМИ НА МОЮ АВУ)))))),neutral,test,neutral,2.928000003521447e-07,neutral,0.0003492000000733242,
test_02067,завтра)))),neutral,test,neutral,2.928000003521447e-07,neutral,0.00035039999966102187,
test_01933,МЕГАПОЛИС: бегущие по кругу,neutral,test,neutral,2.928000003521447e-07,neutral,0.0003392999997231527,
test_01240,"Великолепная свадьба, красивая пара  Лена и Рома!
(15 июня 2013)
Смотрим как все было
",neutral,test,neutral,2.928000003521447e-07,neutral,0.0003488999996079656,
test_01499,"Сегодня такой прекрасный день!
Столько встреч, интересных знакомств и положительных эмоций. А началось все с того, что нас попросили эвакуироваться с СушиДома, ибо нефиг сидеть в дыму. Они погорели немножко, какая жаль. Надеюсь, что уже завтра у них будет всё в порядке. 
#ДоброеУтро",positive,test,neutral,2.928000003521447e-07,positive,0.0004268000002412009,
test_00453,Аист прилетел и сел на Ленина! Харьков!,neutral,test,neutral,2.928000003521447e-07,neutral,0.00035570000000006985,
test_00517,"Дорогие друзья!!! 🗣💁🏼Очень хочется освободить полочку в шкафу для новых весенних творений!🌱☀️💦В связи с этим объявляю тотальный SALE моих зимних вязаных аксессуаров‼️❣‼️Цены могу предложить очень вкусные в связи со старыми ценами на пряжу! 😋🌀💠🌀💠🌀Хорошая возможность утеплиться, тем более что зимушка-зима похоже нас не покинет до июня😅😅👻❄️❄️❄️
Только лучшая пряжа для Вас!👌🏻⚜⚜⚜",neutral,test,neutral,2.928000003521447e-07,neutral,0.0004137000000810076,
test_02381,Канадское утро какое-то,neutral,test,neutral,2.928000003521447e-07,positive,0.0003513999999995576,
test_01068,"Бедный Лис от горя,
Помешался вскоре,
Стал свою находку,
Называть судьбою...",neutral,test,neutral,2.928000003521447e-07,neutral,0.00034839999989344506,
test_02521,И Роял проклятущий тоже)))))))))),neutral,test,neutral,2.928000003521447e-07,positive,0.0003280000000813743,
test_02235,ПОЛНАЯ ВЕРСИЯ! КТО ЖЕЛАЕТ ЗАКАЗАТЬ АВТОРСКИЙ МИНУС - ПИШИТЕ В ЛИЧКУ!,neutral,test,neutral,2.928000003521447e-07,neutral,0.0003523000000313914,
test_02759,Новая песнь Ё!,positive,test,neutral,2.928000003521447e-07,neutral,0.0006814999997004634,
test_00577,"таких идеалистов поищи еще, битловское поколение",neutral,test,neutral,2.928000003521447e-07,neutral,0.0004174000000602973,
test_01086,"Возникает встречный вопрос если она хорошая жена, любящая мать - куда пропал ее муж? В 29- лет у нормальных девушек есть тыл - любимый муж и прекрасная семья. А по ночам ходят только ""девушки"", которым в жизни чего-то не хватает. Я не говорю, что ей нельзя устраивать свою личную жизнь, можно найти хорошего человека и отдыхать вместе с ним. Ладно обсуждать ее личную жизнь не стоит - она человек самостоятельный сама разберется.",neutral,test,neutral,2.928000003521447e-07,negative,0.001061800000115909,
test_01118,Вот это кривой палец✌,neutral,test,neutral,2.928000003521447e-07,neutral,0.00042849999999816646,
test_02454,"Иногда мне кажется, моими предками были итальянцы. Причем с Сицилии",neutral,test,neutral,2.928000003521447e-07,neutral,0.00038020000010874355,
test_02775,"Юлька, Кота-Мота и Я",neutral,test,neutral,2.928000003521447e-07,neutral,0.00038710000035280245,
test_02426,Ктонить пойдет на алцест в эту субботу?,neutral,test,neutral,2.928000003521447e-07,neutral,0.00047559999984514434,
test_01104,"Выбирай,слева справа?",neutral,test,neutral,2.928000003521447e-07,neutral,0.0004206999997222738,
test_01568,Чак Норрис убивает палкой автобус!!!! ахахахахаххххх))))),positive,test,neutral,2.928000003521447e-07,neutral,0.0003793000000769098,
test_02857,"Интересный казус тролиинга в сети)))
состоял я в такой группе - якобы Славянское родноверие

и вчера имел неосторожность вступиться за Чудинова и историю нашего языка. И о чудо чудное!! некая 
Магура Чепурная  модератор группы, будучи жесточайшим русофобом! тут же меня забанила))))))",neutral,test,neutral,2.928000003521447e-07,neutral,0.00043559999994613463,
test_00851,Руководитель группы Мак Сим Дань Шин,neutral,test,neutral,2.928000003521447e-07,neutral,0.00034839999989344506,
test_02371,самый лучший танцор)))и просто хороший человек!!!,positive,test,neutral,2.928000003521447e-07,positive,0.00036479999971561483,
test_00754,"Взросление — это не клубы, курение, алкоголь и понты. Это, когда понимаешь, что материться и бухать - некрасиво!",neutral,test,neutral,2.928000003521447e-07,neutral,0.00037989999964338494,
test_02419,"учебное образование(с) 
:D",neutral,test,neutral,2.928000003521447e-07,neutral,0.0003842000000986445,
test_01901,"Ну и что, что мать одиночка,зато у меня такая дочка!!!",positive,test,neutral,2.928000003521447e-07,neutral,0.0004046000003654626,
test_00508,Внезапно полюбила сырой рис,neutral,test,neutral,2.928000003521447e-07,neutral,0.0005406000000220956,
test_00295,я так и не досмотрела какого-то хрена,negative,test,neutral,2.928000003521447e-07,negative,0.0004616000001078646,
test_00440,Втираю протеин),neutral,test,neutral,2.928000003521447e-07,neutral,0.00040620000027047354,
test_02878,"слышу повышающийся тон.. ээ, ну ок
а кто-нибудь слышит понижающийся тон?",neutral,test,neutral,2.928000003521447e-07,neutral,0.00037400000019260915,
test_02746,"Самый лучший подарок, который дарит нам Бог — это люди, которым мы говорим «спасибо, что ты есть»........зай спасибо что ты у меня есть...",neutral,test,neutral,2.928000003521447e-07,positive,0.0004183999999440857,
test_00211,"ууух, жестко (если попробовать перевести, тебе слова понравятся)))",neutral,test,neutral,2.928000003521447e-07,neutral,0.0003750999999283522,
test_01109,Странные и замечательные фотографии года - Вдохновение,neutral,test,neutral,2.928000003521447e-07,neutral,0.00034989999994650134,
test_02025,"С 7 часов утра , ломлюсь в твою квартиру я !",neutral,test,neutral,2.928000003521447e-07,neutral,0.0003523000000313914,
test_02227,"Не делайте умное лицо,вам не идет 
(цэ)",neutral,test,neutral,2.928000003521447e-07,neutral,0.00038619999986622133,
test_00015,"Ураааа, нам сегодня три годика.....😊",positive,test,neutral,2.928000003521447e-07,positive,0.00035649999972520163,
test_02379,Ты еще нормально летал!!))))))),neutral,test,neutral,2.928000003521447e-07,neutral,0.0003434999998717103,
test_02778,Ита шидвр!,positive,test,neutral,2.928000003521447e-07,neutral,0.0003446000000622007,
test_00106,"Пожелайте мне кучи шмоток недорогих
не душной дороги
и вкусняшек море
аминь",neutral,test,neutral,2.928000003521447e-07,negative,0.00036809999983233865,
test_02573,"ребятки, вдруг у кого МЕТРОВЫЙ ПОДРАМНИК сохранился? ОДОЛЖИТЕ, пожалуйста!!!)))",neutral,test,neutral,2.928000003521447e-07,neutral,0.00035280000020065927,
test_00888,ну все щенок ты огребаешь за пиздеж,negative,test,neutral,2.928000003521447e-07,negative,0.0003741999998965184,
test_00908,Я-доктор)),neutral,test,neutral,2.928000003521447e-07,neutral,0.00034879999975601095,
test_01659,Мой новый ремикс для Redux Recordings!!! Приятного прослушивания ;),neutral,test,neutral,2.928000003521447e-07,neutral,0.0008228000001508917,
test_01965,неожиданно,neutral,test,neutral,2.928000003521447e-07,neutral,0.0005769999997937703,
test_00652,на тебе песню под статус***,neutral,test,neutral,2.928000003521447e-07,positive,0.0004492000002755958,
test_02069,"Любимый, милый, дорогой,
Хочу всю жизнь прожить с тобой.
И я признаться не боюсь,
И знаю, что тебе я снюсь.
Любимый, солнышко мое,
Поверь, ты мне важней всего.
Мне одиноко без тебя.
Лишь ты — навек моя судьба.",positive,test,neutral,2.928000003521447e-07,positive,0.0004804999998668791,
test_00441,Появились первые подснежники - так романтично,positive,test,neutral,2.928000003521447e-07,neutral,0.0003633000001173059,
test_02254,...сдал экзамены)),positive,test,neutral,2.928000003521447e-07,neutral,0.00045990000035089906,
test_00796,Я люблю тебя 😻😽,positive,test,neutral,2.928000003521447e-07,positive,0.0004604000000654196,
test_00049,"Поняла меня,коза?)",neutral,test,neutral,2.928000003521447e-07,neutral,0.0003974999999627471,
test_00123,"только первая серия 8го сезона и сразу - волчанка, сэр! ыыыыыы",neutral,test,neutral,2.928000003521447e-07,neutral,0.0003664000000753731,
test_00513,Люби Сёму.,neutral,test,neutral,2.928000003521447e-07,neutral,0.00035840000009557116,
test_01656,"Как хуево и тяжело на душе, когда тебя бросает твой любимый и дорогой человек...((( какая тоска и боль на душе, это не передать((((",negative,test,neutral,2.928000003521447e-07,neutral,0.0004137000000810076,
test_01810,СУПЕРСКОГО НАСТРОЕНИЯ И ОТЛИЧНОГО ДНЯ))))) ЦЕМ***,positive,test,neutral,2.928000003521447e-07,positive,0.0003540000002431043,
test_02758,Погода-шик для вваливания на заднем приводе :),positive,test,neutral,2.928000003521447e-07,neutral,0.0003941999998460233,
test_01095,Страшная правда жизни :)),neutral,test,neutral,2.928000003521447e-07,neutral,0.0005224000001362583,
test_00622,"Похороны все чаще и чаще.
Свадьбы все реже и реже. (",negative,test,neutral,2.928000003521447e-07,positive,0.0006244999999580614,
test_00194,"Закрытие клуба Fабрика - 11 июня (суббота) 
Плакаю!!!(((((",negative,test,neutral,2.928000003521447e-07,neutral,0.0003870999998980551,
test_00561,"КУРИТЬ ИЛИ НЕ КУРИТЬ? ВОТ В ЧЕМ ВОПРОС!
СКОРО, НА ЭТОЙ СТЕНКЕ...",neutral,test,neutral,2.928000003521447e-07,neutral,0.0003873000000567117,
test_00572,Школота)))),neutral,test,neutral,2.928000003521447e-07,neutral,0.00034879999975601095,
test_01179,Ну што сиграйем???,neutral,test,neutral,2.928000003521447e-07,neutral,0.0003606999998737592,
test_00450,"Для тех кто не смог попасть на концерт.
Полная видеоверсия
",neutral,test,neutral,2.928000003521447e-07,neutral,0.00035800000023300527,
test_01669,"ай да крымчанки, ай да умнички. спасибо, видео порадовало 😊",positive,test,neutral,2.928000003521447e-07,positive,0.0003503000002638146,
test_00812,Сэлфи с моим новым другом 😁🌴🐘,positive,test,neutral,2.928000003521447e-07,neutral,0.0003614000002016837,
test_00286,немножко экзотики )),neutral,test,neutral,2.928000003521447e-07,neutral,0.0003523000000313914,
test_00150,Мы за ЗОЖ! Мы любим спорт! [Дима] часть вторая.,neutral,test,neutral,2.928000003521447e-07,neutral,0.00035060000027442584,
test_01442,как дела в качалке?,neutral,test,neutral,2.928000003521447e-07,neutral,0.00033329999996567494,
test_01107,Дубки!позовите на чай?),neutral,test,neutral,2.928000003521447e-07,neutral,0.000329199999669072,
test_02002,"По стечению обстоятельств клиента у меня освободилась дата  21 июня.

С удовольствием буду вашим видеографом на свадьбе.

Примеры моих работ ниже

Заранее благодарен за репост.",neutral,test,neutral,2.928000003521447e-07,neutral,0.0004067999998369487,
test_01221,Ох и Лешенька....)))) Попробуй))) Это новый вид амазонок!!))),neutral,test,neutral,2.928000003521447e-07,neutral,0.00035530000013750396,
test_01645,я в общяге юху)),positive,test,neutral,2.928000003521447e-07,neutral,0.00034199999981865403,
test_01015,"сегодня по СТБ документальный фильм про Сергея Мавродия, создателя первой финансовой пирамиду в РФ ""МММ""!!!",neutral,test,neutral,2.928000003521447e-07,neutral,0.000607799999670533,
test_02287,"Едь к тёлкам,хули сидишь?!",neutral,test,neutral,2.928000003521447e-07,neutral,0.0004527000000962289,
test_00214,диджеи правят миром,neutral,test,neutral,2.928000003521447e-07,neutral,0.00036820000013904064,
test_02275,"Призываю тебя к мудрости.Не суди всех по себе,о человек.Нынче ты окутана Тьмой,а человек ражденный в Свете.",neutral,test,neutral,2.928000003521447e-07,positive,0.0003722000001289416,
test_01820,"Хороша,как никогда)",positive,test,neutral,2.928000003521447e-07,neutral,0.0003540000002431043,
test_02703,это катя смотрит как обновляется ее стеночка,neutral,test,neutral,2.928000003521447e-07,neutral,0.0003631999998106039,
test_01190,"Самый влиятельный человек после пьянки тот, у кого все фотографии",neutral,test,neutral,2.928000003521447e-07,positive,0.0003517000000101689,
test_01868,"классная фотосессия, спасибо любимому!!!!",positive,test,neutral,2.928000003521447e-07,positive,0.00033440000015616533,
test_01466,почему я такой умный ,neutral,test,neutral,2.928000003521447e-07,neutral,0.00034819999973478843,
test_02286,"как увидела, сразу о тебе подумала=)",neutral,test,neutral,2.928000003521447e-07,neutral,0.0003529000000526139,
test_02268,"Товарищи, 350-я!!!!!! Кто знает как будет проходить контрольная по геральдике??????",neutral,test,neutral,2.928000003521447e-07,neutral,0.0003526999998939573,
test_01123,"Дима, у меня на Ниве он тоже есть, твой (... не знаю как, тезка,  неодушевленный родственник, товарищ по прозвищу, как, чтоб не обидеть...). Главное, я на него уже 2 ТОЙОТЫ насадил, бампера вдрызг, а Ниве хоть бы хны! Ни на что не поменяю фаркоп! ))",neutral,test,neutral,2.928000003521447e-07,negative,0.00044350000007398194,
test_01894,"Ты говоришь,что я курю, ты говоришь,что водку пью,Ты говоришь, что я
не та, которая тебе нужна,И хочешь чтобы перед тобой,была я верною
рабой,но я не дура быть такой, пошел ты на хуй дорогой",negative,test,neutral,2.928000003521447e-07,negative,0.00042630000007193303,
test_01587,А чо? И мой штатив за ёлку сошел))),neutral,test,neutral,2.928000003521447e-07,neutral,0.0003529000000526139,
test_02354,На прошении Шлимана вернуться в Россию император Александр II наложил резолюцию: «Пусть приезжает — повесим».,neutral,test,neutral,2.928000003521447e-07,neutral,0.00038690000019414583,
test_02832,Кержаков? Он видимо пас отдавал,neutral,test,neutral,2.928000003521447e-07,neutral,0.0007737999999335443,
test_02647,"Летел и таял, не соберу -
Летел и таял... Больше не тает,
Завтра я ещё не умру,
Но кто его знает - завтра это, о-о-о-о...
Летел, горел, был высоко -
Летел, горел... Перетекает,
Завтра это так далеко,
Что кто его знает - завтра это, о-о-о-о...

Она так ждёт и ни туда, и ни сюда,
И ни туда, и ни сюда-а-а...
Она так ждёт и ни туда, и ни сюда,
И ни туда, и ни сюда-а-а...
Она так ждёт и ни туда, и ни сюда,
И ни туда, и ни сюда-а-а...

Летел и таял...
Летел и таял, не соберу -
Летел и таял... Больше не тает,
Завтра я ещё не умру,
Но кто его знает - завтра это, о-о-о-о...
Она так ждёт и ни туда, и ни сюда,
И ни туда, и ни сюда-а-а...
Она так ждёт и ни туда, и ни сюда,
И ни туда, и ни сюда-а-а...",neutral,test,neutral,2.928000003521447e-07,neutral,0.0007196000001385983,
test_00407,"Денис,молодец!!!Ееееееееееееееееееееееесть,аааааааааааааааааааааа,Усиииик!)",positive,test,neutral,2.928000003521447e-07,neutral,0.0004253000001881446,
test_00988,Подписывайтесь на мой инстаграм  друзья!) pavlenko_alexander,neutral,test,neutral,2.928000003521447e-07,neutral,0.0003865999997287872,
test_01394,"В моем детстве друзья были не в online, а во дворе. 
Мы звали друзей гулять не по телефону, а кричали: Выходи.
Мы играли не в сетевые игры, а в прятки.
У нас не было крутых телефонов, а были дневники и анкеты. 
Классное было детство.",positive,test,neutral,2.928000003521447e-07,negative,0.0004382000001896813,
test_00628,"вооот
давно хотела тебе кинуть)",neutral,test,neutral,2.928000003521447e-07,neutral,0.00037849999989703065,
test_02326,Сдала экзамены!!!!!Ура!!!!,positive,test,neutral,2.928000003521447e-07,positive,0.000356399999873247,
test_00791,"[id31552783|Сань], ты попал на физмат - Тетен и Раенка лишат любого студента свободного времени...",negative,test,neutral,2.928000003521447e-07,neutral,0.000388699999803066,
test_02279,в городе делать нех вообще,negative,test,neutral,2.928000003521447e-07,negative,0.00036019999970449135,
test_00378,"Мы встречаемся, не зная, кто, откуда… И не ведаем, что встреча нам несёт… Так бывает, что знакомство — лишь причуда. А бывает, встреча… жизнь перевернёт…

",neutral,test,neutral,2.928000003521447e-07,neutral,0.0003751999997803068,
test_02162,"Вот так должен работать каждый артист )
",positive,test,neutral,2.928000003521447e-07,neutral,0.00034279999999853317,
test_01552,Вечерняя пррробежка :P,neutral,test,neutral,2.928000003521447e-07,neutral,0.0003731000001607754,
test_00994,"как такой бред набрал столько лайков (14680)? Девушки, вы в своем уме?",neutral,test,neutral,2.928000003521447e-07,neutral,0.0003685000001496519,
test_01327,Карманный кот ))),neutral,test,neutral,2.928000003521447e-07,neutral,0.00034180000011474476,
test_01247,Мой любимый сериальчик^^,positive,test,neutral,2.928000003521447e-07,positive,0.0005046999999649415,
test_00444,та конечно все в шоколаде..,positive,test,neutral,2.928000003521447e-07,positive,0.00043420000019978033,
test_02137,"Что вас волновать не должно:
моя жизнь.
мой выбор.
мои ошибки.
мои уроки.
мои проблемы.
мои вкусы.",neutral,test,neutral,2.928000003521447e-07,positive,0.000414599999658094,
test_00616,"ушел в банк, потом в универ... почему именно так думайте сами)))",neutral,test,neutral,2.928000003521447e-07,neutral,0.0003872000002047571,
test_00185,"ВЧЕРА ТАК КЛАССНО ОТОРВАЛАСЬ, ЧТО СЕГОДНЯ ЗАБАЛЕЛА(((",negative,test,neutral,2.928000003521447e-07,positive,0.000416000000313943,
test_01886,"Вот место, в котором надо зимовать. К черту эти холодные страны, снегопады и мороз. Как-нибудь без всяких лыж я проживу (все равно никогда их не любил), а вот сидеть в декабре на берегу и наслаждаться видом океана, попивая мадейру - истинное удовольствие. Температура +18. Боже, храни Португалию.",positive,test,neutral,2.928000003521447e-07,neutral,0.000535300000137795,
test_01024,ПОМОШНИК СИСТЕМНОГО АДМИНИСТРАТОРА 😊,neutral,test,neutral,2.928000003521447e-07,neutral,0.000377200000002631,
test_00339,всё будет хорошо)))))))),positive,test,neutral,2.928000003521447e-07,positive,0.0003538000000844477,
test_01681,"Никогда не думал, что у нас в центре еще ежики живут. У нас в РГСУ завтра с утра тоже субботник, может и мы что- то ( а точнее кого- то) найдем !))",neutral,test,neutral,2.928000003521447e-07,neutral,0.0004042000000481494,
test_00953,РЕЖИССЁР МОНТАЖА СЕРГЕЙ ГЕОРГИЕВ ! ПРОДЮСЕР МАКСИМ ХУДОЖНИКОВ ! ДАЛЬНОБОЙ (РЕМЕЙК) ,neutral,test,neutral,2.928000003521447e-07,neutral,0.00036510000018097344,
test_02940,Танюшечка❤,positive,test,neutral,2.928000003521447e-07,neutral,0.00033970000004046597,
test_02496,дааааааааааааааааааа:*,positive,test,neutral,2.928000003521447e-07,positive,0.00033529999973325175,
test_01264,ᅠᅠᅠ ᅠᅠᅠᅠᅠУгу...,neutral,test,neutral,2.928000003521447e-07,neutral,0.00035089999983028974,
test_00992,"Чтобы узнать цену года, спроси студента, который провалился на экзамене.
Чтобы узнать цену месяца, спроси мать, родившую преждевременно.
Чтобы узнать цену недели, спроси редактора еженедельника.
Чтобы узнать цену часа, спроси влюблённого, ждущего свою возлюбленную.
Чтобы узнать цену минуты, спроси опоздавшего на поезд.
Чтобы узнать цену секунды, спроси того, кто потерял близкого человека в автомобильной катастрофе.
Чтобы узнать цену одной тысячной секунды, спроси серебряного медалиста Олимпийских игр.(Б.Вербер)",neutral,test,neutral,2.928000003521447e-07,neutral,0.00043520000008356874,
test_01456,Племяница и тетя отдыхают,positive,test,neutral,2.928000003521447e-07,neutral,0.0003486999999040563,
test_01366,"Да, хорошие песни... У меня одна из любимых песен ранней Пугачёвой - вот эта. Самая известная, конечно, но всё равно )",positive,test,neutral,2.928000003521447e-07,positive,0.0008978999999271764,
test_01088,"
хаха...полюбому вот они твои танцульки)))",neutral,test,neutral,2.928000003521447e-07,positive,0.0006109999999353022,
test_01759,Спят усталые игрушки 😴 😴 😴 😊 😊 😊,neutral,test,neutral,2.928000003521447e-07,neutral,0.00039920000017446,
test_00682,Ну вот и моя очередь,neutral,test,neutral,2.928000003521447e-07,positive,0.00042369999982838635,
test_00370,"Алексей, здравствуйте!  Скажите, пожалуйста, когда хоть ориентировочно ждать Ваши концерты в Москве: летом, осенью? Спасибо.",neutral,test,neutral,2.928000003521447e-07,neutral,0.00038690000019414583,
test_02493,"не забывай брат - это прогрессив, он расходиться постепенно, перемотками тут дело не решишь)",neutral,test,neutral,2.928000003521447e-07,neutral,0.00037130000009710784,
test_00721,"СРОЧНО! До 19 июня!
Нужен флаг Ингушетии. Размер - чтоб удобно было на спину надеть.

Репост и все дела.

ПС: накидайте дерзких чеченских в комменты.
Всем вши есть.",neutral,test,neutral,2.928000003521447e-07,neutral,0.00048739999965619063,
test_00248,"Отчаяние.
Ну вот што это?
КИСЮН!
ВОТ ЭТО ТЕМА",positive,test,neutral,2.928000003521447e-07,neutral,0.0003720999998222396,
test_02881,Шапка нада,neutral,test,neutral,2.928000003521447e-07,neutral,0.0008986999996523082,
test_01254,Смотрите):3,neutral,test,neutral,2.928000003521447e-07,neutral,0.00044339999976727995,
test_01049,я себе похлопал),neutral,test,neutral,2.928000003521447e-07,neutral,0.0004025000002911838,
test_00786,Я променяла вас на диплом!А ещё на министерское тестирование и гос экзамены!!Я 26 числа уже с дипломом в зубах буду!!!!!,positive,test,neutral,2.928000003521447e-07,neutral,0.0005799000000479282,
test_00529,"Люди интересны друг другу настолько, насколько они друг другу полезны. (с) Максим Ильяхов",neutral,test,neutral,2.928000003521447e-07,positive,0.0004598999998961517,
test_01541,немного музыки..разбавить твою стену ),neutral,test,neutral,2.928000003521447e-07,neutral,0.00046829999973851955,
test_02473,Как те две) :D в,neutral,test,neutral,2.928000003521447e-07,neutral,0.0004075000001648732,
test_00073,"Кто сегодня накормит всю семью шашлыком( пока папа на работе)🍗🍖🔥? 
Я и лошадь ,я и бык , я и баба и мужик 💪🏻",neutral,test,neutral,2.928000003521447e-07,neutral,0.0004033000000163156,
test_01128,"У меня есть, блеЯть,плёнка!!!!!",neutral,test,neutral,2.928000003521447e-07,neutral,0.00035570000000006985,
test_01397,у меня нет машины... нет нормальной работы... я не закончил еще универ в свои то 18 !! я неудачник,negative,test,neutral,2.928000003521447e-07,negative,0.0003664000000753731,
test_02389,Малой и я сегодня чудили)),neutral,test,neutral,2.928000003521447e-07,neutral,0.0003477000000202679,
test_01000,всем кто собираеться или планирует отдыхать самые хорошие предложения и СКИДКИ на любые туры пишите звоните.....)))!!!!!!,neutral,test,neutral,2.928000003521447e-07,neutral,0.0003801000002567889,
test_02652,Боже мой какая прелесть ...Мои любимые цветы..Только ты с цветом не много не угадал))),positive,test,neutral,2.928000003521447e-07,positive,0.0003679000001284294,
test_00884,Кто-то потрудился на славу.,neutral,test,neutral,2.928000003521447e-07,neutral,0.00034370000003036694,
test_00827,самый лучший выпуск и самые лучшие!!!! [in my opinion:)],positive,test,neutral,2.928000003521447e-07,positive,0.000367999999980384,
test_01136,Мы проапгрейдили статую ))),neutral,test,neutral,2.928000003521447e-07,positive,0.0003531000002112705,
test_01754,аахаххах Адриано))))),positive,test,neutral,2.928000003521447e-07,neutral,0.00034459999960745336,
test_02460,Спасибки за трэки - они просто БОМБОВЫЕ!!!!!!!!!!!!!!,positive,test,neutral,2.928000003521447e-07,negative,0.00034679999998843414,
test_01649,"Спасибо за классные переводы,озвучку и мотивацию.Сложил несколько аудио и уже потренил под неё,получилось по приседать с большим весом,чем рассчитывал",positive,test,neutral,2.928000003521447e-07,neutral,0.0003803999998126528,
test_01391,блин как теперь аву переключать?,neutral,test,neutral,2.928000003521447e-07,neutral,0.000356500000179949,
test_00934,"ну,а вдруг))",neutral,test,neutral,2.928000003521447e-07,neutral,0.0003689999998641724,
test_01415,Ну и контрольный...,neutral,test,neutral,2.928000003521447e-07,neutral,0.0003588999998100917,
test_00998,Это как бы остров между Алтуфьевским и Осташковским шоссе ^^,neutral,test,neutral,2.928000003521447e-07,neutral,0.00035939999997935956,
test_00063,После 6-ти часовой задержки в Бангкоке и второго захода на посадку- мы дома! Всем привет!,positive,test,neutral,2.928000003521447e-07,positive,0.0003885999999511114,
test_01795,Я прислал(а) тебе подарок! Зайди в игру чтобы получить!,neutral,test,neutral,2.928000003521447e-07,neutral,0.00036039999986314797,
test_01762,"у меня завелся паук. лучше бы ему поскорее убраться из моей квартиры, так и знайте! буду информировать в онлайне, через вконтакте и фейсбук.",neutral,test,neutral,2.928000003521447e-07,neutral,0.00036730000010720687,
test_02601,английский пришел !,neutral,test,neutral,2.928000003521447e-07,neutral,0.0003695000000334403,
test_01245,"BBCOS KERATIN COLOR - это краска БЕЗ АММИАКА на основе кератина, которая легко проникает в структуру волоса в процессе окрашивания, обеспечивая регенерацию белка.ВОСТАНОВЛЕНИЕ + ОКРАШИВАНИЕ!!!! BBcos- Время новой краски!!!",neutral,test,neutral,2.928000003521447e-07,neutral,0.00038230000018302235,
test_02342,"Кладем какули, помогаем проекту, смотрим, подписываемся, а так же распространяем! 
P.S. В видео присутствует на нормативная лексика.
P.p.s Много",neutral,test,neutral,2.928000003521447e-07,neutral,0.0003897999999935564,
test_00868,"ЕЕееееб.... тебе еще солдат, пилить и пилить))",neutral,test,neutral,2.928000003521447e-07,neutral,0.0003534000002218818,
test_01635,""" Бывшие парни - как жвачка - пожевала и выплюнула. Да, было вкусно, но с пола не хочется. ”©",negative,test,neutral,2.928000003521447e-07,negative,0.0003553999999894586,
test_00346,"Сегодня еще одна тяжелая тренировка,так что готовимся!!!",neutral,test,neutral,2.928000003521447e-07,neutral,0.000356399999873247,
test_00094,"И снова я разочаровался в людях. Сегодня вечером ехал со свадьбы, подвез 2 женщин за 150 руб. Еду обратно тормозит парень молодой - открываю окно - спрашиваю куда, ответил, что до Дьяконова (тормознул на Южке), но денег с собой нет, что мол приеду, возьму",negative,test,neutral,2.928000003521447e-07,neutral,0.00046629999997094274,
test_02073,нравитьсяя ваще :*,positive,test,neutral,2.928000003521447e-07,neutral,0.0003750999999283522,
test_01742,КЛАССНАЯ АВА:),positive,test,neutral,2.928000003521447e-07,positive,0.0003830000000561995,
test_00347,Мечты сбываются :) ,positive,test,neutral,2.928000003521447e-07,neutral,0.0003781999998864194,
test_02963,ану ка быстро цоя добавь!,neutral,test,neutral,2.928000003521447e-07,neutral,0.00038889999996172264,
test_00372,Полнэ жопэ!((,negative,test,neutral,2.928000003521447e-07,neutral,0.00036550000004353933,
test_00512,Мега фапный голос парня:3,positive,test,neutral,2.928000003521447e-07,neutral,0.00037300000030882074,
test_01347,Поймала грустинку...(((,negative,test,neutral,2.928000003521447e-07,neutral,0.00035930000012740493,
test_01755,Это мой корабль короч,neutral,test,neutral,2.928000003521447e-07,neutral,0.0005436000001282082,
test_00623,"Как-то раз я сказал, что скорее второе пришествие Христа произойдёт, чем я женюсь.
Сегодня мне прислали это фото.",neutral,test,neutral,2.928000003521447e-07,neutral,0.0005046000001129869,
test_00719,Пора и за грибами съездить!,neutral,test,neutral,2.928000003521447e-07,neutral,0.0003944000000046799,
test_00463,"Двоюродный брат продает:

Volvo S80 2008 год, 58 тыс пробег, 3.2 AWD максимальная комплектация  - 780 тыс. 

Кому интересно, дам телефон:) 

Фото чисто для понимания:)",neutral,test,neutral,2.928000003521447e-07,neutral,0.00042520000033619,
test_02735,"...Может через пару тысяч лет, ты увидишь...",neutral,test,neutral,2.928000003521447e-07,neutral,0.00042729999995572143,
test_02470,Ктоооооо кто убивает детей обезьяны?,neutral,test,neutral,2.928000003521447e-07,neutral,0.0006306000000222411,
test_00806,"Мдааа, слухи - вещь интересная...)
Столько нового про себя узнаешь!",neutral,test,neutral,2.928000003521447e-07,neutral,0.0004358999999567459,
test_01026,где бы взять,neutral,test,neutral,2.928000003521447e-07,neutral,0.0003658999999061052,
test_00208,"Ксюш, давай ещё раз День Рождения, а, может продолжим ахахах))",positive,test,neutral,2.928000003521447e-07,positive,0.0003818999998657091,
test_01053,"Это было действительно круто , это нужно было видеть ,это нужно было слышать ,Океаны зарядили Днепр на полную)",positive,test,neutral,2.928000003521447e-07,neutral,0.000435399999787478,
test_02428,классные были времена)) молодость наша))),positive,test,neutral,2.928000003521447e-07,neutral,0.00042259999963789596,
test_00548,Послушай! ),neutral,test,neutral,2.928000003521447e-07,neutral,0.0004453000001376495,
test_02423,мою любимую давайте))),positive,test,neutral,2.928000003521447e-07,neutral,0.00037079999992783996,
test_00677,Трудовые пятничные вечера:),neutral,test,neutral,2.928000003521447e-07,neutral,0.0003507000001263805,
test_01797,"кошка в клетке 
🐯 

",neutral,test,neutral,2.928000003521447e-07,neutral,0.0004125999998905172,
test_01464,"Так приятно оказаться в обществе людей которые на мою фразу:""Я не буду танцевать"" отвечают: ""Шо значит не будешь?! А ты для чего сюда пришла?""",neutral,test,neutral,2.928000003521447e-07,neutral,0.00048560000004727044,
test_02889,"как приедешь пиши,погуляем",neutral,test,neutral,2.928000003521447e-07,neutral,0.00036289999979999266,
test_00671,"Мария только что ответила на вопрос о тебе. Узнай, что она сказала! ",neutral,test,neutral,2.928000003521447e-07,neutral,0.00040289999969900236,
test_02472,Любишь ? ),neutral,test,neutral,2.928000003521447e-07,neutral,0.0003552999996827566,
test_02148,"и этууууууу))))
Саша Саша Сашаааааааааааааааа)))))))))))где же ты)))меня кроет)",neutral,test,neutral,2.928000003521447e-07,neutral,0.0003609999998843705,
test_02590,ну ставь давай!!!))),neutral,test,neutral,2.928000003521447e-07,neutral,0.00033889999986058683,
test_02185,Просьба прислать подтверждение на постановку в очередь - 3 человека - 2 взрослых и ребенок 10 лет,neutral,test,neutral,2.928000003521447e-07,neutral,0.00037400000019260915,
test_02786,и я фоткаца хочу :),positive,test,neutral,2.928000003521447e-07,positive,0.00035280000020065927,
test_02353,"Теперь живу в отрадном, скоро буду раздавать приглашения на новоселье...",neutral,test,neutral,2.928000003521447e-07,neutral,0.00038650000033157994,
test_02014,пора вылазить из песочницы и делать серьёзные вещи ;),neutral,test,neutral,2.928000003521447e-07,neutral,0.00036990000035075354,
test_00717,"
Высоцкий с нами! Враг не пройдет!!",neutral,test,neutral,2.928000003521447e-07,neutral,0.0004536000001280627,
test_00427,"Новый год на носу, а старый на работе всё не кончается((",negative,test,neutral,2.928000003521447e-07,neutral,0.0004332999997131992,
test_00562,Вчера был очень дорогой мне день:))))Я запомню эту дату на всю жизнь:)))),positive,test,neutral,2.928000003521447e-07,positive,0.0003692999998747837,
test_00263,что такое не пойму,neutral,test,neutral,2.928000003521447e-07,neutral,0.00036039999986314797,
test_02250,Кто круче и почему?,neutral,test,neutral,2.928000003521447e-07,neutral,0.00039029999970807694,
test_01078,Тварь ебучая,negative,test,neutral,2.928000003521447e-07,negative,0.0003431000000091444,
test_02386,Ну вот как то так)),neutral,test,neutral,2.928000003521447e-07,neutral,0.0003575000000637374,
test_01584,"У моей души сеанс порно...
Что, кстати, за музака???",neutral,test,neutral,2.928000003521447e-07,neutral,0.00039259999994101236,
test_01401,"✨ГОГОЛЯ 34✨ 
☎ 310 09 34 автозапчасти🔩📦🚘 
📞 286 54 08 сервис 🔨🔧
Ещё один мотор получит новую жизнь!
Вы ещё стучите? Тогда мы идём к Вам! 🛠⚙
Правильнее-приезжайте к Нам! 🤔",neutral,test,neutral,2.928000003521447e-07,neutral,0.00039120000019465806,
test_01411,"Незнакомец, прием!) хочу сказать очередное спасибо)) но, у меня просьба..не перематывай дверную ручку, она у нас итак уже раздолбана) цветы итак держатся и без него)))
А с запиской не проканало, Надя созналась)))",neutral,test,neutral,2.928000003521447e-07,negative,0.000510399999711808,
test_02017,Что у Вас нового?,neutral,test,neutral,2.928000003521447e-07,neutral,0.0004555999998956395,
test_02059,Охуеть бля! У нас снег выпал!!!,negative,test,neutral,2.928000003521447e-07,negative,0.000413499999922351,
test_02483,"ведь у нас есть крепкая дружба, она навсегда",positive,test,neutral,2.928000003521447e-07,neutral,0.00036749999981111614,
test_01563,"Ахринеть, этому пидуру уже 19),",negative,test,neutral,2.928000003521447e-07,neutral,0.0005916000000070198,
test_01790,"Я просто так хочу тебя обнять 
И помолчать с тобой о сокровенном,
И наблюдать как будешь засыпать,
Покуда кровь пульсирует по венам...
Я просто так хочу тебя обнять,
Почувствовать тепло и раствориться,
Хочу твоею пристанью я стать,
Где твой корабль может зацепиться!
Я просто так хочу тебя обнять
Водить так нежно пальцами по коже,
Твоею тенью так хочу я стать,
Чтоб каждый вдох пронизывал до дрожи!
Я просто так хочу тебя обнять,
И дать твоим сомненьям вновь сломиться,
Я не умею высоко летать, 
Но без тебя легко могу разбиться!",positive,test,neutral,2.928000003521447e-07,positive,0.000843799999984185,
test_00142,куплю травмат писать в лс,neutral,test,neutral,2.928000003521447e-07,neutral,0.00041090000013355166,
test_01367,Песня Головы))),neutral,test,neutral,2.928000003521447e-07,positive,0.0003907999998773448,
test_02076,"Кошмар...что это было, никак нашествие варваров на мою израненную временем и болью стену. Нда... люди, они неисправимы.",negative,test,neutral,2.928000003521447e-07,neutral,0.00040200000012191595,
test_00902,"Эмми первый раз грызет косточку,а не мои пальцы))",neutral,test,neutral,2.928000003521447e-07,neutral,0.00036339999996926053,
test_01017,"надо все предприятия забрать у олигархов,их всех пересадить,а предприятия отдать в гос. владения!вот это будет нормально.чтоб другим не было повадно,и деньги за границу не выходили!!!",neutral,test,neutral,2.928000003521447e-07,neutral,0.00039390000029015937,
test_02508,Малиновое наслаждение***,positive,test,neutral,2.928000003521447e-07,neutral,0.0003614000002016837,
test_01047,Премьер проводит консультации с губернаторами выборных регионов - Известия,neutral,test,neutral,2.928000003521447e-07,neutral,0.00035149999985151226,
test_01129,"Дата смерти: 2 Мая 2080г. в возрасте 90 лет. Причина: Решил отлить на оголенные провода, с напряжением 2000 Вольт...:(
",neutral,test,neutral,2.928000003521447e-07,neutral,0.0003764999996747065,
test_02884,"Расстояние не помеха, если правда любишь... правда дорожишь этим человеком...",positive,test,neutral,2.928000003521447e-07,neutral,0.00036570000020219595,
test_00065,"15. Случайно я встретила его в супермаркете. Zufällig ich ihm im Supermarkt . (zufällig – случайно) Пишу через habe. Но выдает ошибку! В чем проблема, подскажите!!!!!!!!",neutral,test,neutral,2.928000003521447e-07,neutral,0.0005129000001034001,
test_00151,#САЦЕПДУС на Южной Демерджи. Надо бы продолжить его путешествия :),neutral,test,neutral,2.928000003521447e-07,neutral,0.0004528999998001382,
test_02828,"Фест прошел,впечатления самые позитивные,дождь нам не помеха.",positive,test,neutral,2.928000003521447e-07,neutral,0.00044740000021192827,
test_02675,короче ваня брусникин отчалил в таганрог,neutral,test,neutral,2.928000003521447e-07,neutral,0.00036990000035075354,
test_02241,"В большинстве болезней виноваты не природа и не общество, а сам человек.И чаще всего он болеет от лени, жадности и неразумности
Н.Амосов",neutral,test,neutral,2.928000003521447e-07,negative,0.0003750999999283522,
test_01542,"При таком раскладе, ждем голов от Нойера.",neutral,test,neutral,2.928000003521447e-07,neutral,0.0003478999997241772,
test_00357,"Раф, прости, бро .... Но я должен это запилить :DDDDD",neutral,test,neutral,2.928000003521447e-07,neutral,0.00038259999973888625,
test_01301,меня надо усыпить О_О,negative,test,neutral,2.928000003521447e-07,neutral,0.0003500000002532033,
test_00292,"Мне эта понравилась)
ну....и концепция неплохая (ты знаешь о чем я)",positive,test,neutral,2.928000003521447e-07,neutral,0.0003530999997565232,
test_00875,"Если парню действительно нужна девушка, то он горы свернет, чтобы каждый день видеть её улыбку и слышать её смех.

Остальное - пустые слова👌",neutral,test,neutral,2.928000003521447e-07,neutral,0.0003880999997818435,
test_00078,Обязательно послушай,neutral,test,neutral,2.928000003521447e-07,neutral,0.0003438999997342762,
test_01234,"[ :-} За тебя Калым отдам, но пятёру не продам [ :-}",neutral,test,neutral,2.928000003521447e-07,neutral,0.00035160000015821424,
stress_001,"Не ожидал, что концерт окажется настолько прекрасным.",positive,stress,neutral,2.78600000001461e-06,neutral,0.0005876999998690735,negation
stress_002,Этот ремонт меня совсем не порадовал.,negative,stress,neutral,2.78600000001461e-06,negative,0.0004307999997763545,negation
stress_003,"Посылку сегодня не доставляли, доставка назначена на завтра.",neutral,stress,neutral,2.78600000001461e-06,neutral,0.00039339999966614414,negation
stress_004,Не могу не похвалить официанта: обслужил отлично.,positive,stress,neutral,2.78600000001461e-06,negative,0.0003606999998737592,negation
stress_005,"Нельзя сказать, что фильм хороший: скука от начала до конца.",negative,stress,neutral,2.78600000001461e-06,neutral,0.0004253000001881446,negation
stress_006,В понедельник библиотека не работает.,neutral,stress,neutral,2.78600000001461e-06,neutral,0.0004034999997202249,negation
stress_007,"Ни разу не пожалел о покупке, чудесная вещь.",positive,stress,neutral,2.78600000001461e-06,positive,0.00048690000039641745,negation
stress_008,"Сервис не просто медленный, он отвратительный.",negative,stress,neutral,2.78600000001461e-06,negative,0.0007116000001587963,negation
stress_009,"Погода не испортила праздник, день получился замечательный.",positive,stress,neutral,2.78600000001461e-06,neutral,0.0010643999999047082,negation
stress_010,"На встрече не было директора, присутствовал заместитель.",neutral,stress,neutral,2.78600000001461e-06,neutral,0.0008075999999164196,negation
stress_011,Не рекомендую эту кашу: совершенно невкусная.,negative,stress,neutral,2.78600000001461e-06,neutral,0.0005722000000787375,negation
stress_012,"Было совсем не страшно, аттракцион отличный.",positive,stress,neutral,2.78600000001461e-06,positive,0.0005529000000024098,negation
stress_013,"Никакой радости от поездки, сплошное разочарование.",negative,stress,neutral,2.78600000001461e-06,neutral,0.0007043999999041262,negation
stress_014,Документ не подписан и находится у секретаря.,neutral,stress,neutral,2.78600000001461e-06,neutral,0.00048000000015235855,negation
stress_015,Нельзя не восхититься этой выставкой.,positive,stress,neutral,2.78600000001461e-06,negative,0.00039370000013150275,negation
stress_016,"Не верю обещаниям магазина, опять обманули.",negative,stress,neutral,2.78600000001461e-06,negative,0.0003799000000981323,negation
stress_017,"Этот подарок вовсе не плох, я очень доволен.",positive,stress,neutral,2.78600000001461e-06,neutral,0.0003884999996444094,negation
stress_018,"Чай без сахара стоит столько же, сколько обычный.",neutral,stress,neutral,2.78600000001461e-06,neutral,0.00035490000027493807,negation
stress_019,"Проблему не решили, поддержка бесполезна.",negative,stress,neutral,2.78600000001461e-06,neutral,0.00034099999993486563,negation
stress_020,"Я не фанат оперы, но этот спектакль прекрасен.",positive,stress,neutral,2.78600000001461e-06,negative,0.0004046000003654626,negation
stress_021,"Какой прекрастный вечер, я щаслив!",positive,stress,neutral,2.78600000001461e-06,neutral,0.0004090000002179295,typos
stress_022,"Ужастное абслуживание, больши не приду.",negative,stress,neutral,2.78600000001461e-06,neutral,0.0003701000000546628,typos
stress_023,Завтро сабрание в десять часов.,neutral,stress,neutral,2.78600000001461e-06,neutral,0.000340799999776209,typos
stress_024,"Спосибо за падарок, очинь понравился.",positive,stress,neutral,2.78600000001461e-06,neutral,0.0003446000000622007,typos
stress_025,"Пакупка разачаровала, деньги на ветер.",negative,stress,neutral,2.78600000001461e-06,neutral,0.00036240000008547213,typos
stress_026,Пасылка прибыла на склад в пятницу.,neutral,stress,neutral,2.78600000001461e-06,neutral,0.0003434000000197557,typos
stress_027,"Атличный фильм, сматрел с удовольствием.",positive,stress,neutral,2.78600000001461e-06,neutral,0.00033750000011423253,typos
stress_028,"Блюдо пересолино, есть невозмжно.",negative,stress,neutral,2.78600000001461e-06,neutral,0.00042559999974400853,typos
stress_029,Автобус атходит от второва входа.,neutral,stress,neutral,2.78600000001461e-06,neutral,0.00041129999999611755,typos
stress_030,"Прекрасна справились, я в васторге!",positive,stress,neutral,2.78600000001461e-06,positive,0.00035249999973530066,typos
stress_031,"Кашмарная гостиница, в номире грязь.",negative,stress,neutral,2.78600000001461e-06,neutral,0.0003600999998525367,typos
stress_032,В афише указано начяло в семь.,neutral,stress,neutral,2.78600000001461e-06,neutral,0.00040840000019670697,typos
stress_033,"Очень удобнй рюкзак, лутшая покупка.",positive,stress,neutral,2.78600000001461e-06,positive,0.00035320000006322516,typos
stress_034,"Телефон сломалса сразу, просто ужас.",negative,stress,neutral,2.78600000001461e-06,positive,0.00042960000018865685,typos
stress_035,Сылка на документ лежит в папке.,neutral,stress,neutral,2.78600000001461e-06,neutral,0.0004339000001891691,typos
stress_036,"Люблю этот парк, здес замечательно.",positive,stress,neutral,2.78600000001461e-06,positive,0.00036980000004405156,typos
stress_037,"Раздражает этот шум, спать савсем нельзя.",negative,stress,neutral,2.78600000001461e-06,neutral,0.00036849999969490455,typos
stress_038,Отчот направлен на пачту отдела.,neutral,stress,neutral,2.78600000001461e-06,neutral,0.0003949000001739478,typos
stress_039,"Пирог получился вкустный, всем понравился.",positive,stress,neutral,2.78600000001461e-06,neutral,0.0003894000001309905,typos
stress_040,"Отвратитльная связь, разговор пастоянно обрывается.",negative,stress,neutral,2.78600000001461e-06,neutral,0.0003633000001173059,typos
stress_041,Вот это скорость: всего два часа в очереди за одной справкой.,negative,stress,neutral,2.78600000001461e-06,neutral,0.00035359999992579105,irony
stress_042,"Спасибо за заботу, отключили воду именно перед душем.",negative,stress,neutral,2.78600000001461e-06,neutral,0.0005284000003484834,irony
stress_043,Прекрасный отель: тараканы уже встретили у двери.,negative,stress,neutral,2.78600000001461e-06,neutral,0.0004061999998157262,irony
stress_044,"Гениальное приложение, падает при каждом нажатии.",negative,stress,neutral,2.78600000001461e-06,neutral,0.00038359999962267466,irony
stress_045,Ну и мастер: после ремонта кран течет еще сильнее.,negative,stress,neutral,2.78600000001461e-06,neutral,0.0003783000001931214,irony
stress_046,"Отличная доставка, разбитую кружку привезли точно в срок.",negative,stress,neutral,2.78600000001461e-06,neutral,0.0003924000002371031,irony
stress_047,"Люблю, когда обещанные пять минут превращаются в час ожидания.",negative,stress,neutral,2.78600000001461e-06,positive,0.00038560000029974617,irony
stress_048,Суперски отдохнул: соседи сверлили всю ночь.,negative,stress,neutral,2.78600000001461e-06,neutral,0.000371999999970285,irony
stress_049,"Какая удача, опять списали деньги дважды.",negative,stress,neutral,2.78600000001461e-06,neutral,0.0004103999999642838,irony
stress_050,Вот это свежесть: хлеб можно использовать вместо кирпича.,negative,stress,neutral,2.78600000001461e-06,neutral,0.00044740000021192827,irony
stress_051,"Блестящее выступление, микрофон молчал половину вечера.",negative,stress,neutral,2.78600000001461e-06,neutral,0.00038529999983438756,irony
stress_052,Клиентоориентированность на высоте: на жалобу просто заблокировали.,negative,stress,neutral,2.78600000001461e-06,neutral,0.00039950000018507126,irony
stress_053,Как здорово мерзнуть на остановке из-за отмененного автобуса.,negative,stress,neutral,2.78600000001461e-06,neutral,0.0003882000000885455,irony
stress_054,"Чудесная упаковка, все содержимое теперь на полу.",negative,stress,neutral,2.78600000001461e-06,positive,0.0003864999998768326,irony
stress_055,Лучший будильник — пожарная сигнализация без причины в три ночи.,negative,stress,neutral,2.78600000001461e-06,neutral,0.00037579999980152934,irony
stress_056,Спасибо за чистоту: следы чужой обуви прямо на простыне.,negative,stress,neutral,2.78600000001461e-06,neutral,0.0004031999997096136,irony
stress_057,"Очень удобный сайт, нужную кнопку спрятали в шестом меню.",negative,stress,neutral,2.78600000001461e-06,neutral,0.0004069000001436507,irony
stress_058,Повар явно постарался: уголь вместо котлеты получился идеальный.,negative,stress,neutral,2.78600000001461e-06,neutral,0.00037849999989703065,irony
stress_059,"Вот это экономия времени, после онлайн-записи все равно три очереди.",negative,stress,neutral,2.78600000001461e-06,neutral,0.0003932999998141895,irony
stress_060,"Обожаю сюрпризы, особенно дополнительную комиссию после оплаты.",negative,stress,neutral,2.78600000001461e-06,neutral,0.00037130000009710784,irony
stress_061,"В анкете есть варианты «отлично», «ужасно» и «не знаю».",neutral,stress,neutral,2.78600000001461e-06,neutral,0.0003644000003077963,quotation
stress_062,Учитель записал на доске предложение «Я ненавижу дождь».,neutral,stress,neutral,2.78600000001461e-06,neutral,0.0003618000000642496,quotation
stress_063,"Друг сказал «скучный фильм», а я в восторге от просмотра.",positive,stress,neutral,2.78600000001461e-06,neutral,0.00040339999986827024,quotation
stress_064,"В рекламе обещали «лучший сервис», но обслуживание отвратительное.",negative,stress,neutral,2.78600000001461e-06,positive,0.0004155999999966298,quotation
stress_065,"Статья называется «Счастье рядом», автор указан на обложке.",neutral,stress,neutral,2.78600000001461e-06,neutral,0.0003787999999076419,quotation
stress_066,"На коробке написано «обычный чай», а вкус оказался замечательный.",positive,stress,neutral,2.78600000001461e-06,neutral,0.00036530000033963006,quotation
stress_067,"Все кричали «прекрасно», но мне концерт совсем не понравился.",negative,stress,neutral,2.78600000001461e-06,positive,0.0004324000001361128,quotation
stress_068,В протокол внесли реплику участника «Это ужасно».,neutral,stress,neutral,2.78600000001461e-06,neutral,0.0003731000001607754,quotation
stress_069,"Сестра назвала поездку «кошмаром», мне же она очень понравилась.",positive,stress,neutral,2.78600000001461e-06,positive,0.000367999999980384,quotation
stress_070,"Описание «уютный номер» оказалось ложью, жить здесь неприятно.",negative,stress,neutral,2.78600000001461e-06,neutral,0.00036050000016984995,quotation
stress_071,Для перевода дано выражение «восхитительный результат».,neutral,stress,neutral,2.78600000001461e-06,neutral,0.00043120000009366777,quotation
stress_072,"Рецензия обещала «провал», но спектакль великолепен.",positive,stress,neutral,2.78600000001461e-06,positive,0.00037849999989703065,quotation
stress_073,Надпись «вкусно как дома» не спасает эту отвратительную еду.,negative,stress,neutral,2.78600000001461e-06,neutral,0.0003670000000965956,quotation
stress_074,"В диалоге персонаж говорит «я счастлив», затем выходит.",neutral,stress,neutral,2.78600000001461e-06,neutral,0.0003596000001380162,quotation
stress_075,"Знакомый сказал «неудобно», а мне кресло идеально подходит.",positive,stress,neutral,2.78600000001461e-06,neutral,0.00037079999992783996,quotation
stress_076,Слоган «мы вас ценим» звучит издевкой после грубости сотрудника.,negative,stress,neutral,2.78600000001461e-06,neutral,0.00038810000023659086,quotation
stress_077,Редактор заменил слово «ужасный» на «неудачный».,neutral,stress,neutral,2.78600000001461e-06,neutral,0.00039700000024822657,quotation
stress_078,"Кто-то написал «посредственно», но я искренне доволен покупкой.",positive,stress,neutral,2.78600000001461e-06,neutral,0.0003972999998040905,quotation
stress_079,"Мне обещали «радость каждый день», а устройство только раздражает.",negative,stress,neutral,2.78600000001461e-06,positive,0.00039210000022649183,quotation
stress_080,В словаре рядом напечатаны слова «радость» и «печаль».,neutral,stress,neutral,2.78600000001461e-06,positive,0.0004067999998369487,quotation
stress_081,"Экран немного тусклый, зато батарея отличная, покупкой доволен.",positive,stress,neutral,2.78600000001461e-06,neutral,0.00041949999967982876,mixed
stress_082,"Вид из окна красивый, но грязь и шум испортили все впечатление.",negative,stress,neutral,2.78600000001461e-06,positive,0.0004440000002432498,mixed
stress_083,"У проекта отмечены два плюса и два минуса, итоговая оценка не дана.",neutral,stress,neutral,2.78600000001461e-06,neutral,0.00041269999974247185,mixed
stress_084,"Еду принесли поздно, но она была настолько вкусной, что вечер удался.",positive,stress,neutral,2.78600000001461e-06,positive,0.0004245999998602201,mixed
stress_085,"Курьер вежливый, однако товар сломан, покупка разочаровала.",negative,stress,neutral,2.78600000001461e-06,neutral,0.0003811000001405773,mixed
stress_086,"Начало фильма скучное, зато финал потрясающий, рекомендую.",positive,stress,neutral,2.78600000001461e-06,neutral,0.00037169999995967373,mixed
stress_087,"Музыка хорошая, но сюжет настолько плох, что фильм не советую.",negative,stress,neutral,2.78600000001461e-06,neutral,0.000362799999948038,mixed
stress_088,"Один участник одобрил план, второй раскритиковал; решение отложили.",neutral,stress,neutral,2.78600000001461e-06,neutral,0.00036689999978989363,mixed
stress_089,"Дорога была утомительной, но отдых великолепный, хочу вернуться.",positive,stress,neutral,2.78600000001461e-06,positive,0.0003805000001193548,mixed
stress_090,"Цена приятная, а качество ужасное, больше не куплю.",negative,stress,neutral,2.78600000001461e-06,neutral,0.00037070000007588533,mixed
stress_091,"Есть мелкие недочеты, в целом сервис отличный.",positive,stress,neutral,2.78600000001461e-06,neutral,0.00035680000019056024,mixed
stress_092,"Персонал старался, но результат ремонта плохой, я недоволен.",negative,stress,neutral,2.78600000001461e-06,neutral,0.0003915999996024766,mixed
stress_093,В таблице преимущества и недостатки перечислены без общего вывода.,neutral,stress,neutral,2.78600000001461e-06,neutral,0.0004137000000810076,mixed
stress_094,"Номер тесный, зато чистота и гостеприимство замечательные, мне понравилось.",positive,stress,neutral,2.78600000001461e-06,positive,0.0004009999997833802,mixed
stress_095,"Упаковка красивая, содержимое невкусное, зря потратился.",negative,stress,neutral,2.78600000001461e-06,neutral,0.00038529999983438756,mixed
stress_096,"Книга местами затянута, но в целом замечательная.",positive,stress,neutral,2.78600000001461e-06,neutral,0.0003698999998960062,mixed
stress_097,"Камера хорошая, но постоянные сбои делают телефон невыносимым.",negative,stress,neutral,2.78600000001461e-06,positive,0.0003638000002865738,mixed
stress_098,"В обсуждении прозвучали похвала и критика, автор обзора оценки не добавил.",neutral,stress,neutral,2.78600000001461e-06,neutral,0.00038309999990815413,mixed
stress_099,"Сперва сомневался из-за цены, теперь рад покупке каждый день.",positive,stress,neutral,2.78600000001461e-06,positive,0.0004245999998602201,mixed
stress_100,"Лекция началась интересно, но завершилась рекламой, впечатление испорчено.",negative,stress,neutral,2.78600000001461e-06,neutral,0.00036959999988539494,mixed
