id,label,original,transformation,transformed,meaning_changed,judgment,reviewer
random_00470,positive,Спокойная хорошая песенка))) Обожаю её))),reorder,Обожаю её))) Спокойная хорошая песенка))),False,"Переставлены предложения, положительная оценка сохранена.",Дущенко Даниил Александрович; оценки подтверждены 2026-09-17
random_00470,positive,Спокойная хорошая песенка))) Обожаю её))),paraphrase,Мне очень нравится эта приятная спокойная песня.,False,Выражено то же восхищение спокойной песней другими словами.,Дущенко Даниил Александрович; оценки подтверждены 2026-09-17
random_00470,positive,Спокойная хорошая песенка))) Обожаю её))),meaning_change,Спокойная хорошая песенка))) Не обожаю её))),True,Отрицание меняет отношение автора: восхищение больше не утверждается.,Дущенко Даниил Александрович; оценки подтверждены 2026-09-17
random_20278,negative,В последнее время у тебя одни глупые репосты.,reorder,У тебя в последнее время одни глупые репосты.,False,Перемещение обстоятельства не меняет отрицательную оценку репостов.,Дущенко Даниил Александрович; оценки подтверждены 2026-09-17
random_20278,negative,В последнее время у тебя одни глупые репосты.,paraphrase,Последние перепубликации на твоей странице все бестолковые.,False,"Сохраняются адресат, временная область и отрицательное отношение.",Дущенко Даниил Александрович; оценки подтверждены 2026-09-17
random_20278,negative,В последнее время у тебя одни глупые репосты.,meaning_change,В последнее время у тебя не одни глупые репосты.,True,Отрицается всеобщность: теперь допускаются и неглупые публикации.,Дущенко Даниил Александрович; оценки подтверждены 2026-09-17
random_05842,neutral,"Когда выезжаешь, роднуля?))))))",reorder,"Роднуля, когда выезжаешь?))))))",False,"Обращение перенесено, вопрос о времени выезда сохранён.",Дущенко Даниил Александрович; оценки подтверждены 2026-09-17
random_05842,neutral,"Когда выезжаешь, роднуля?))))))",paraphrase,"Когда отправляешься, дорогой человек?",False,Переформулирован вопрос о времени отправления; оттенок обращения ослаблен.,Дущенко Даниил Александрович; оценки подтверждены 2026-09-17
random_05842,neutral,"Когда выезжаешь, роднуля?))))))",meaning_change,"Когда приезжаешь, роднуля?))))))",True,Вместо времени выезда спрашивается время прибытия.,Дущенко Даниил Александрович; оценки подтверждены 2026-09-17
