id,label,original,transformation,transformed,meaning_changed,judgment,reviewer,bow,bow_oov_ratio,tfidf,tfidf_oov_ratio,embeddings
random_00470,positive,Спокойная хорошая песенка))) Обожаю её))),reorder,Обожаю её))) Спокойная хорошая песенка))),False,"Переставлены предложения, положительная оценка сохранена.","Codex analytical judgment, not human participant",0.9999999999999999,0.0,1.0000000000000002,0.0,0.99033177
random_00470,positive,Спокойная хорошая песенка))) Обожаю её))),paraphrase,Мне очень нравится эта приятная спокойная песня.,False,Выражено то же восхищение спокойной песней другими словами.,"Codex analytical judgment, not human participant",0.22360679774997896,0.42857142857142855,0.2473251189538948,0.42857142857142855,0.92990613
random_00470,positive,Спокойная хорошая песенка))) Обожаю её))),meaning_change,Спокойная хорошая песенка))) Не обожаю её))),True,Отрицание меняет отношение автора: восхищение больше не утверждается.,"Codex analytical judgment, not human participant",0.9128709291752769,0.0,0.9741237860915128,0.0,0.974273
random_20278,negative,В последнее время у тебя одни глупые репосты.,reorder,У тебя в последнее время одни глупые репосты.,False,Перемещение обстоятельства не меняет отрицательную оценку репостов.,"Codex analytical judgment, not human participant",0.9999999999999999,0.0,1.0,0.0,0.9993286
random_20278,negative,В последнее время у тебя одни глупые репосты.,paraphrase,Последние перепубликации на твоей странице все бестолковые.,False,"Сохраняются адресат, временная область и отрицательное отношение.","Codex analytical judgment, not human participant",0.0,0.42857142857142855,0.0,0.42857142857142855,0.9039115
random_20278,negative,В последнее время у тебя одни глупые репосты.,meaning_change,В последнее время у тебя не одни глупые репосты.,True,Отрицается всеобщность: теперь допускаются и неглупые публикации.,"Codex analytical judgment, not human participant",0.9428090415820634,0.0,0.9791759440518637,0.0,0.98684555
random_05842,neutral,"Когда выезжаешь, роднуля?))))))",reorder,"Роднуля, когда выезжаешь?))))))",False,"Обращение перенесено, вопрос о времени выезда сохранён.","Codex analytical judgment, not human participant",1.0000000000000002,0.0,1.0000000000000002,0.0,0.9901661
random_05842,neutral,"Когда выезжаешь, роднуля?))))))",paraphrase,"Во сколько отправляешься, дорогой человек?",False,Переформулирован вопрос о времени отправления; оттенок обращения ослаблен.,"Codex analytical judgment, not human participant",0.0,0.8,0.0,0.8,0.8680608
random_05842,neutral,"Когда выезжаешь, роднуля?))))))",meaning_change,"Когда приезжаешь, роднуля?))))))",True,Вместо времени выезда спрашивается время прибытия.,"Codex analytical judgment, not human participant",0.816496580927726,0.3333333333333333,0.7922235965902624,0.3333333333333333,0.9878792
