id,text,label
random_08350,"Разве можно сидеть дома, когда в мире есть такие двери? 

Двери Бамберга и Ротенбурга",neutral
random_08199,новый рисунок | model - [id27103833|Яна Берман],neutral
random_04312,"самый божественный и неземной трек 2010!!! 
просто таю))",positive
random_13769,"Самое приятное – это когда хорошего не ждешь, а оно берет и случается.",positive
random_06800,"116.04.25.8. Можно убежать хоть на луну, только толку с этого?! От себя не убежишь.",negative
random_11912,Ах Генри Форд зачем же ты придумал коневеер (((,negative
