id,text,label,category
stress_001,"Не ожидал, что концерт окажется настолько прекрасным.",positive,negation
stress_002,Этот ремонт меня совсем не порадовал.,negative,negation
stress_003,"Посылку сегодня не доставляли, доставка назначена на завтра.",neutral,negation
stress_004,Не могу не похвалить официанта: обслужил отлично.,positive,negation
stress_005,"Нельзя сказать, что фильм хороший: скука от начала до конца.",negative,negation
stress_006,В понедельник библиотека не работает.,neutral,negation
stress_007,"Ни разу не пожалел о покупке, чудесная вещь.",positive,negation
stress_008,"Сервис не просто медленный, он отвратительный.",negative,negation
stress_009,"Погода не испортила праздник, день получился замечательный.",positive,negation
stress_010,"На встрече не было директора, присутствовал заместитель.",neutral,negation
stress_011,Не рекомендую эту кашу: совершенно невкусная.,negative,negation
stress_012,"Было совсем не страшно, аттракцион отличный.",positive,negation
stress_013,"Никакой радости от поездки, сплошное разочарование.",negative,negation
stress_014,Документ не подписан и находится у секретаря.,neutral,negation
stress_015,Нельзя не восхититься этой выставкой.,positive,negation
stress_016,"Не верю обещаниям магазина, опять обманули.",negative,negation
stress_017,"Этот подарок вовсе не плох, я очень доволен.",positive,negation
stress_018,"Чай без сахара стоит столько же, сколько обычный.",neutral,negation
stress_019,"Проблему не решили, поддержка бесполезна.",negative,negation
stress_020,"Я не фанат оперы, но этот спектакль прекрасен.",positive,negation
stress_021,"Какой прекрастный вечер, я щаслив!",positive,typos
stress_022,"Ужастное абслуживание, больши не приду.",negative,typos
stress_023,Завтро сабрание в десять часов.,neutral,typos
stress_024,"Спосибо за падарок, очинь понравился.",positive,typos
stress_025,"Пакупка разачаровала, деньги на ветер.",negative,typos
stress_026,Пасылка прибыла на склад в пятницу.,neutral,typos
stress_027,"Атличный фильм, сматрел с удовольствием.",positive,typos
stress_028,"Блюдо пересолино, есть невозмжно.",negative,typos
stress_029,Автобус атходит от второва входа.,neutral,typos
stress_030,"Прекрасна справились, я в васторге!",positive,typos
stress_031,"Кашмарная гостиница, в номире грязь.",negative,typos
stress_032,В афише указано начяло в семь.,neutral,typos
stress_033,"Очень удобнй рюкзак, лутшая покупка.",positive,typos
stress_034,"Телефон сломалса сразу, просто ужас.",negative,typos
stress_035,Сылка на документ лежит в папке.,neutral,typos
stress_036,"Люблю этот парк, здес замечательно.",positive,typos
stress_037,"Раздражает этот шум, спать савсем нельзя.",negative,typos
stress_038,Отчот направлен на пачту отдела.,neutral,typos
stress_039,"Пирог получился вкустный, всем понравился.",positive,typos
stress_040,"Отвратитльная связь, разговор пастоянно обрывается.",negative,typos
stress_041,Вот это скорость: всего два часа в очереди за одной справкой.,negative,irony
stress_042,"Спасибо за заботу, отключили воду именно перед душем.",negative,irony
stress_043,Прекрасный отель: тараканы уже встретили у двери.,negative,irony
stress_044,"Гениальное приложение, падает при каждом нажатии.",negative,irony
stress_045,Ну и мастер: после ремонта кран течет еще сильнее.,negative,irony
stress_046,"Отличная доставка, разбитую кружку привезли точно в срок.",negative,irony
stress_047,"Люблю, когда обещанные пять минут превращаются в час ожидания.",negative,irony
stress_048,Суперски отдохнул: соседи сверлили всю ночь.,negative,irony
stress_049,"Какая удача, опять списали деньги дважды.",negative,irony
stress_050,Вот это свежесть: хлеб можно использовать вместо кирпича.,negative,irony
stress_051,"Блестящее выступление, микрофон молчал половину вечера.",negative,irony
stress_052,Клиентоориентированность на высоте: на жалобу просто заблокировали.,negative,irony
stress_053,Как здорово мерзнуть на остановке из-за отмененного автобуса.,negative,irony
stress_054,"Чудесная упаковка, все содержимое теперь на полу.",negative,irony
stress_055,Лучший будильник — пожарная сигнализация без причины в три ночи.,negative,irony
stress_056,Спасибо за чистоту: следы чужой обуви прямо на простыне.,negative,irony
stress_057,"Очень удобный сайт, нужную кнопку спрятали в шестом меню.",negative,irony
stress_058,Повар явно постарался: уголь вместо котлеты получился идеальный.,negative,irony
stress_059,"Вот это экономия времени, после онлайн-записи все равно три очереди.",negative,irony
stress_060,"Обожаю сюрпризы, особенно дополнительную комиссию после оплаты.",negative,irony
stress_061,"В анкете есть варианты «отлично», «ужасно» и «не знаю».",neutral,quotation
stress_062,Учитель записал на доске предложение «Я ненавижу дождь».,neutral,quotation
stress_063,"Друг сказал «скучный фильм», а я в восторге от просмотра.",positive,quotation
stress_064,"В рекламе обещали «лучший сервис», но обслуживание отвратительное.",negative,quotation
stress_065,"Статья называется «Счастье рядом», автор указан на обложке.",neutral,quotation
stress_066,"На коробке написано «обычный чай», а вкус оказался замечательный.",positive,quotation
stress_067,"Все кричали «прекрасно», но мне концерт совсем не понравился.",negative,quotation
stress_068,В протокол внесли реплику участника «Это ужасно».,neutral,quotation
stress_069,"Сестра назвала поездку «кошмаром», мне же она очень понравилась.",positive,quotation
stress_070,"Описание «уютный номер» оказалось ложью, жить здесь неприятно.",negative,quotation
stress_071,Для перевода дано выражение «восхитительный результат».,neutral,quotation
stress_072,"Рецензия обещала «провал», но спектакль великолепен.",positive,quotation
stress_073,Надпись «вкусно как дома» не спасает эту отвратительную еду.,negative,quotation
stress_074,"В диалоге персонаж говорит «я счастлив», затем выходит.",neutral,quotation
stress_075,"Знакомый сказал «неудобно», а мне кресло идеально подходит.",positive,quotation
stress_076,Слоган «мы вас ценим» звучит издевкой после грубости сотрудника.,negative,quotation
stress_077,Редактор заменил слово «ужасный» на «неудачный».,neutral,quotation
stress_078,"Кто-то написал «посредственно», но я искренне доволен покупкой.",positive,quotation
stress_079,"Мне обещали «радость каждый день», а устройство только раздражает.",negative,quotation
stress_080,В словаре рядом напечатаны слова «радость» и «печаль».,neutral,quotation
stress_081,"Экран немного тусклый, зато батарея отличная, покупкой доволен.",positive,mixed
stress_082,"Вид из окна красивый, но грязь и шум испортили все впечатление.",negative,mixed
stress_083,"У проекта отмечены два плюса и два минуса, итоговая оценка не дана.",neutral,mixed
stress_084,"Еду принесли поздно, но она была настолько вкусной, что вечер удался.",positive,mixed
stress_085,"Курьер вежливый, однако товар сломан, покупка разочаровала.",negative,mixed
stress_086,"Начало фильма скучное, зато финал потрясающий, рекомендую.",positive,mixed
stress_087,"Музыка хорошая, но сюжет настолько плох, что фильм не советую.",negative,mixed
stress_088,"Один участник одобрил план, второй раскритиковал; решение отложили.",neutral,mixed
stress_089,"Дорога была утомительной, но отдых великолепный, хочу вернуться.",positive,mixed
stress_090,"Цена приятная, а качество ужасное, больше не куплю.",negative,mixed
stress_091,"Есть мелкие недочеты, в целом сервис отличный.",positive,mixed
stress_092,"Персонал старался, но результат ремонта плохой, я недоволен.",negative,mixed
stress_093,В таблице преимущества и недостатки перечислены без общего вывода.,neutral,mixed
stress_094,"Номер тесный, зато чистота и гостеприимство замечательные, мне понравилось.",positive,mixed
stress_095,"Упаковка красивая, содержимое невкусное, зря потратился.",negative,mixed
stress_096,"Книга местами затянута, но в целом замечательная.",positive,mixed
stress_097,"Камера хорошая, но постоянные сбои делают телефон невыносимым.",negative,mixed
stress_098,"В обсуждении прозвучали похвала и критика, автор обзора оценки не добавил.",neutral,mixed
stress_099,"Сперва сомневался из-за цены, теперь рад покупке каждый день.",positive,mixed
stress_100,"Лекция началась интересно, но завершилась рекламой, впечатление испорчено.",negative,mixed
